PDBResidueNum,Residue_4CMP,Chain,OrdinalResidueNum_4CMP,ShortSecondaryStructure_4CMP,SecondaryStructure_4CMP
4,LYS,A,1,C,Coil
5,TYR,A,2,C,Coil
6,SER,A,3,E,Strand
7,ILE,A,4,E,Strand
8,GLY,A,5,E,Strand
9,LEU,A,6,E,Strand
10,ASP,A,7,E,Strand
11,ILE,A,8,E,Strand
12,GLY,A,9,T,Turn
13,THR,A,10,T,Turn
14,ASN,A,11,T,Turn
15,SER,A,12,E,Strand
16,VAL,A,13,E,Strand
17,GLY,A,14,E,Strand
18,TRP,A,15,E,Strand
19,ALA,A,16,E,Strand
20,VAL,A,17,E,Strand
21,ILE,A,18,E,Strand
22,THR,A,19,T,Turn
23,ASP,A,20,T,Turn
24,GLU,A,21,T,Turn
25,TYR,A,22,T,Turn
26,LYS,A,23,C,Coil
27,VAL,A,24,C,Coil
28,PRO,A,25,C,Coil
29,SER,A,26,E,Strand
30,LYS,A,27,E,Strand
31,LYS,A,28,E,Strand
32,PHE,A,29,E,Strand
33,LYS,A,30,E,Strand
34,VAL,A,31,B,Bridge
35,LEU,A,32,C,Coil
36,GLY,A,33,C,Coil
37,ASN,A,34,C,Coil
38,THR,A,35,C,Coil
39,ASP,A,36,C,Coil
40,ARG,A,37,C,Coil
41,HIS,A,38,C,Coil
42,SER,A,39,E,Strand
43,ILE,A,40,E,Strand
44,LYS,A,41,E,Strand
45,LYS,A,42,E,Strand
46,ASN,A,43,E,Strand
47,LEU,A,44,C,Coil
48,ILE,A,45,E,Strand
49,GLY,A,46,E,Strand
50,ALA,A,47,E,Strand
51,LEU,A,48,E,Strand
52,LEU,A,49,E,Strand
53,PHE,A,50,C,Coil
54,ASP,A,51,C,Coil
55,SER,A,52,C,Coil
56,GLY,A,53,C,Coil
57,GLU,A,54,C,Coil
58,THR,A,55,C,Coil
59,ALA,A,56,H,AlphaHelix
60,GLU,A,57,H,AlphaHelix
61,ALA,A,58,H,AlphaHelix
62,THR,A,59,H,AlphaHelix
63,ARG,A,60,H,AlphaHelix
64,LEU,A,61,H,AlphaHelix
65,LYS,A,62,C,Coil
66,ARG,A,63,C,Coil
67,THR,A,64,C,Coil
68,ALA,A,65,H,AlphaHelix
69,ARG,A,66,H,AlphaHelix
70,ARG,A,67,H,AlphaHelix
71,ARG,A,68,H,AlphaHelix
72,TYR,A,69,H,AlphaHelix
73,THR,A,70,H,AlphaHelix
74,ARG,A,71,H,AlphaHelix
75,ARG,A,72,H,AlphaHelix
76,LYS,A,73,H,AlphaHelix
77,ASN,A,74,H,AlphaHelix
78,ARG,A,75,H,AlphaHelix
79,ILE,A,76,H,AlphaHelix
80,CYS,A,77,H,AlphaHelix
81,TYR,A,78,H,AlphaHelix
82,LEU,A,79,H,AlphaHelix
83,GLN,A,80,H,AlphaHelix
84,GLU,A,81,H,AlphaHelix
85,ILE,A,82,H,AlphaHelix
86,PHE,A,83,H,AlphaHelix
87,SER,A,84,H,AlphaHelix
88,ASN,A,85,H,AlphaHelix
89,GLU,A,86,H,AlphaHelix
90,MET,A,87,H,AlphaHelix
91,ALA,A,88,H,AlphaHelix
92,LYS,A,89,H,AlphaHelix
93,VAL,A,90,H,AlphaHelix
94,ASP,A,91,C,Coil
95,ASP,A,92,C,Coil
96,SER,A,93,H,AlphaHelix
97,PHE,A,94,H,AlphaHelix
98,PHE,A,95,H,AlphaHelix
99,HIS,A,96,H,AlphaHelix
100,ARG,A,97,H,AlphaHelix
101,LEU,A,98,C,Coil
102,GLU,A,99,C,Coil
115,ARG,A,100,C,Coil
116,HIS,A,101,C,Coil
117,PRO,A,102,C,Coil
118,ILE,A,103,C,Coil
119,PHE,A,104,C,Coil
120,GLY,A,105,C,Coil
121,ASN,A,106,C,Coil
122,ILE,A,107,H,AlphaHelix
123,VAL,A,108,H,AlphaHelix
124,ASP,A,109,H,AlphaHelix
125,GLU,A,110,H,AlphaHelix
126,VAL,A,111,H,AlphaHelix
127,ALA,A,112,H,AlphaHelix
128,TYR,A,113,H,AlphaHelix
129,HIS,A,114,H,AlphaHelix
130,GLU,A,115,H,AlphaHelix
131,LYS,A,116,H,AlphaHelix
132,TYR,A,117,T,Turn
133,PRO,A,118,T,Turn
134,THR,A,119,T,Turn
135,ILE,A,120,H,AlphaHelix
136,TYR,A,121,H,AlphaHelix
137,HIS,A,122,H,AlphaHelix
138,LEU,A,123,H,AlphaHelix
139,ARG,A,124,H,AlphaHelix
140,LYS,A,125,H,AlphaHelix
141,LYS,A,126,H,AlphaHelix
142,LEU,A,127,H,AlphaHelix
143,VAL,A,128,H,AlphaHelix
144,ASP,A,129,H,AlphaHelix
145,SER,A,130,C,Coil
146,THR,A,131,C,Coil
147,ASP,A,132,C,Coil
148,LYS,A,133,C,Coil
149,ALA,A,134,C,Coil
150,ASP,A,135,C,Coil
151,LEU,A,136,H,AlphaHelix
152,ARG,A,137,H,AlphaHelix
153,LEU,A,138,H,AlphaHelix
154,ILE,A,139,H,AlphaHelix
155,TYR,A,140,H,AlphaHelix
156,LEU,A,141,H,AlphaHelix
157,ALA,A,142,H,AlphaHelix
158,LEU,A,143,H,AlphaHelix
159,ALA,A,144,H,AlphaHelix
160,HIS,A,145,H,AlphaHelix
161,MET,A,146,H,AlphaHelix
162,ILE,A,147,H,AlphaHelix
163,LYS,A,148,H,AlphaHelix
164,PHE,A,149,C,Coil
165,ARG,A,150,C,Coil
166,GLY,A,151,C,Coil
167,HIS,A,152,B,Bridge
168,PHE,A,153,T,Turn
169,LEU,A,154,T,Turn
170,ILE,A,155,T,Turn
171,GLU,A,156,T,Turn
172,GLY,A,157,C,Coil
173,ASP,A,158,C,Coil
174,LEU,A,159,C,Coil
175,ASN,A,160,C,Coil
176,PRO,A,161,G,310Helix
177,ASP,A,162,G,310Helix
178,ASN,A,163,G,310Helix
179,SER,A,164,G,310Helix
180,ASP,A,165,C,Coil
181,VAL,A,166,H,AlphaHelix
182,ASP,A,167,H,AlphaHelix
183,LYS,A,168,H,AlphaHelix
184,LEU,A,169,H,AlphaHelix
185,PHE,A,170,H,AlphaHelix
186,ILE,A,171,H,AlphaHelix
187,GLN,A,172,H,AlphaHelix
188,LEU,A,173,H,AlphaHelix
189,VAL,A,174,H,AlphaHelix
190,GLN,A,175,H,AlphaHelix
191,THR,A,176,H,AlphaHelix
192,TYR,A,177,H,AlphaHelix
193,ASN,A,178,H,AlphaHelix
194,GLN,A,179,H,AlphaHelix
195,LEU,A,180,H,AlphaHelix
196,PHE,A,181,T,Turn
197,GLU,A,182,T,Turn
198,GLU,A,183,T,Turn
199,ASN,A,184,T,Turn
200,PRO,A,185,T,Turn
201,ILE,A,186,C,Coil
202,ASN,A,187,C,Coil
203,ALA,A,188,T,Turn
204,SER,A,189,T,Turn
205,GLY,A,190,T,Turn
206,VAL,A,191,T,Turn
207,ASP,A,192,C,Coil
208,ALA,A,193,H,AlphaHelix
209,LYS,A,194,H,AlphaHelix
210,ALA,A,195,H,AlphaHelix
211,ILE,A,196,H,AlphaHelix
212,LEU,A,197,H,AlphaHelix
213,SER,A,198,H,AlphaHelix
214,ALA,A,199,C,Coil
215,ARG,A,200,C,Coil
216,LEU,A,201,C,Coil
217,SER,A,202,C,Coil
218,LYS,A,203,H,AlphaHelix
219,SER,A,204,H,AlphaHelix
220,ARG,A,205,H,AlphaHelix
221,ARG,A,206,H,AlphaHelix
222,LEU,A,207,H,AlphaHelix
223,GLU,A,208,H,AlphaHelix
224,ASN,A,209,H,AlphaHelix
225,LEU,A,210,H,AlphaHelix
226,ILE,A,211,H,AlphaHelix
227,ALA,A,212,H,AlphaHelix
228,GLN,A,213,H,AlphaHelix
229,LEU,A,214,T,Turn
230,PRO,A,215,T,Turn
231,GLY,A,216,T,Turn
232,GLU,A,217,T,Turn
233,LYS,A,218,T,Turn
234,LYS,A,219,T,Turn
235,ASN,A,220,T,Turn
236,GLY,A,221,T,Turn
237,LEU,A,222,H,AlphaHelix
238,PHE,A,223,H,AlphaHelix
239,GLY,A,224,H,AlphaHelix
240,ASN,A,225,H,AlphaHelix
241,LEU,A,226,H,AlphaHelix
242,ILE,A,227,H,AlphaHelix
243,ALA,A,228,H,AlphaHelix
244,LEU,A,229,H,AlphaHelix
245,SER,A,230,H,AlphaHelix
246,LEU,A,231,H,AlphaHelix
247,GLY,A,232,C,Coil
248,LEU,A,233,C,Coil
249,THR,A,234,C,Coil
250,PRO,A,235,C,Coil
251,ASN,A,236,B,Bridge
252,PHE,A,237,C,Coil
253,LYS,A,238,G,310Helix
254,SER,A,239,G,310Helix
255,ASN,A,240,G,310Helix
256,PHE,A,241,C,Coil
257,ASP,A,242,C,Coil
258,LEU,A,243,C,Coil
259,ALA,A,244,C,Coil
260,GLU,A,245,C,Coil
261,ASP,A,246,C,Coil
262,ALA,A,247,C,Coil
263,LYS,A,248,B,Bridge
264,LEU,A,249,C,Coil
265,GLN,A,250,T,Turn
266,LEU,A,251,T,Turn
267,SER,A,252,T,Turn
268,LYS,A,253,T,Turn
269,ASP,A,254,C,Coil
270,THR,A,255,H,AlphaHelix
271,TYR,A,256,H,AlphaHelix
272,ASP,A,257,H,AlphaHelix
273,ASP,A,258,H,AlphaHelix
274,ASP,A,259,H,AlphaHelix
275,LEU,A,260,H,AlphaHelix
276,ASP,A,261,H,AlphaHelix
277,ASN,A,262,H,AlphaHelix
278,LEU,A,263,H,AlphaHelix
279,LEU,A,264,H,AlphaHelix
280,ALA,A,265,H,AlphaHelix
281,GLN,A,266,H,AlphaHelix
282,ILE,A,267,H,AlphaHelix
283,GLY,A,268,C,Coil
284,ASP,A,269,G,310Helix
285,GLN,A,270,G,310Helix
286,TYR,A,271,G,310Helix
287,ALA,A,272,H,AlphaHelix
288,ASP,A,273,H,AlphaHelix
289,LEU,A,274,H,AlphaHelix
290,PHE,A,275,H,AlphaHelix
291,LEU,A,276,H,AlphaHelix
292,ALA,A,277,H,AlphaHelix
293,ALA,A,278,H,AlphaHelix
294,LYS,A,279,H,AlphaHelix
295,ASN,A,280,H,AlphaHelix
296,LEU,A,281,H,AlphaHelix
297,SER,A,282,H,AlphaHelix
298,ASP,A,283,H,AlphaHelix
299,ALA,A,284,H,AlphaHelix
300,ILE,A,285,H,AlphaHelix
301,LEU,A,286,H,AlphaHelix
302,LEU,A,287,H,AlphaHelix
303,SER,A,288,H,AlphaHelix
304,ASP,A,289,H,AlphaHelix
305,ILE,A,290,H,AlphaHelix
306,LEU,A,291,H,AlphaHelix
307,ARG,A,292,H,AlphaHelix
314,LYS,A,293,C,Coil
315,ALA,A,294,C,Coil
316,PRO,A,295,H,AlphaHelix
317,LEU,A,296,H,AlphaHelix
318,SER,A,297,H,AlphaHelix
319,ALA,A,298,H,AlphaHelix
320,SER,A,299,H,AlphaHelix
321,MET,A,300,H,AlphaHelix
322,ILE,A,301,H,AlphaHelix
323,LYS,A,302,H,AlphaHelix
324,ARG,A,303,H,AlphaHelix
325,TYR,A,304,H,AlphaHelix
326,ASP,A,305,H,AlphaHelix
327,GLU,A,306,H,AlphaHelix
328,HIS,A,307,H,AlphaHelix
329,HIS,A,308,H,AlphaHelix
330,GLN,A,309,H,AlphaHelix
331,ASP,A,310,H,AlphaHelix
332,LEU,A,311,H,AlphaHelix
333,THR,A,312,H,AlphaHelix
334,LEU,A,313,H,AlphaHelix
335,LEU,A,314,H,AlphaHelix
336,LYS,A,315,H,AlphaHelix
337,ALA,A,316,H,AlphaHelix
338,LEU,A,317,H,AlphaHelix
339,VAL,A,318,H,AlphaHelix
340,ARG,A,319,H,AlphaHelix
341,GLN,A,320,H,AlphaHelix
342,GLN,A,321,H,AlphaHelix
343,LEU,A,322,C,Coil
344,PRO,A,323,H,AlphaHelix
345,GLU,A,324,H,AlphaHelix
346,LYS,A,325,H,AlphaHelix
347,TYR,A,326,H,AlphaHelix
348,LYS,A,327,H,AlphaHelix
349,GLU,A,328,H,AlphaHelix
350,ILE,A,329,H,AlphaHelix
351,PHE,A,330,H,AlphaHelix
352,PHE,A,331,H,AlphaHelix
353,ASP,A,332,H,AlphaHelix
354,GLN,A,333,T,Turn
355,SER,A,334,T,Turn
356,LYS,A,335,T,Turn
357,ASN,A,336,C,Coil
358,GLY,A,337,C,Coil
359,TYR,A,338,H,AlphaHelix
360,ALA,A,339,H,AlphaHelix
361,GLY,A,340,H,AlphaHelix
362,TYR,A,341,H,AlphaHelix
363,ILE,A,342,H,AlphaHelix
364,ASP,A,343,H,AlphaHelix
365,GLY,A,344,C,Coil
366,GLY,A,345,C,Coil
367,ALA,A,346,C,Coil
368,SER,A,347,C,Coil
369,GLN,A,348,H,AlphaHelix
370,GLU,A,349,H,AlphaHelix
371,GLU,A,350,H,AlphaHelix
372,PHE,A,351,H,AlphaHelix
373,TYR,A,352,H,AlphaHelix
374,LYS,A,353,H,AlphaHelix
375,PHE,A,354,H,AlphaHelix
376,ILE,A,355,H,AlphaHelix
377,LYS,A,356,H,AlphaHelix
378,PRO,A,357,H,AlphaHelix
379,ILE,A,358,H,AlphaHelix
380,LEU,A,359,H,AlphaHelix
381,GLU,A,360,H,AlphaHelix
382,LYS,A,361,H,AlphaHelix
383,MET,A,362,H,AlphaHelix
384,ASP,A,363,T,Turn
385,GLY,A,364,T,Turn
386,THR,A,365,T,Turn
387,GLU,A,366,H,AlphaHelix
388,GLU,A,367,H,AlphaHelix
389,LEU,A,368,H,AlphaHelix
390,LEU,A,369,H,AlphaHelix
391,VAL,A,370,H,AlphaHelix
392,LYS,A,371,H,AlphaHelix
393,LEU,A,372,H,AlphaHelix
394,ASN,A,373,H,AlphaHelix
395,ARG,A,374,H,AlphaHelix
396,GLU,A,375,C,Coil
397,ASP,A,376,T,Turn
398,LEU,A,377,T,Turn
399,LEU,A,378,T,Turn
400,ARG,A,379,T,Turn
401,LYS,A,380,T,Turn
402,GLN,A,381,T,Turn
403,ARG,A,382,T,Turn
404,THR,A,383,T,Turn
405,PHE,A,384,T,Turn
406,ASP,A,385,T,Turn
407,ASN,A,386,T,Turn
408,GLY,A,387,T,Turn
409,SER,A,388,C,Coil
410,ILE,A,389,C,Coil
411,PRO,A,390,B,Bridge
412,HIS,A,391,H,AlphaHelix
413,GLN,A,392,H,AlphaHelix
414,ILE,A,393,H,AlphaHelix
415,HIS,A,394,H,AlphaHelix
416,LEU,A,395,H,AlphaHelix
417,GLY,A,396,H,AlphaHelix
418,GLU,A,397,H,AlphaHelix
419,LEU,A,398,H,AlphaHelix
420,HIS,A,399,H,AlphaHelix
421,ALA,A,400,H,AlphaHelix
422,ILE,A,401,H,AlphaHelix
423,LEU,A,402,H,AlphaHelix
424,ARG,A,403,H,AlphaHelix
425,ARG,A,404,H,AlphaHelix
426,GLN,A,405,H,AlphaHelix
427,GLU,A,406,G,310Helix
428,ASP,A,407,G,310Helix
429,PHE,A,408,G,310Helix
430,TYR,A,409,C,Coil
431,PRO,A,410,H,AlphaHelix
432,PHE,A,411,H,AlphaHelix
433,LEU,A,412,H,AlphaHelix
434,LYS,A,413,H,AlphaHelix
435,ASP,A,414,H,AlphaHelix
436,ASN,A,415,H,AlphaHelix
437,ARG,A,416,H,AlphaHelix
438,GLU,A,417,H,AlphaHelix
439,LYS,A,418,H,AlphaHelix
440,ILE,A,419,H,AlphaHelix
441,GLU,A,420,H,AlphaHelix
442,LYS,A,421,H,AlphaHelix
443,ILE,A,422,H,AlphaHelix
444,LEU,A,423,H,AlphaHelix
445,THR,A,424,H,AlphaHelix
446,PHE,A,425,C,Coil
447,ARG,A,426,C,Coil
503,PRO,A,427,C,Coil
504,ASN,A,428,C,Coil
505,GLU,A,429,C,Coil
506,LYS,A,430,C,Coil
507,VAL,A,431,C,Coil
508,LEU,A,432,C,Coil
509,PRO,A,433,B,Bridge
510,LYS,A,434,T,Turn
511,HIS,A,435,T,Turn
512,SER,A,436,T,Turn
513,LEU,A,437,H,AlphaHelix
514,LEU,A,438,H,AlphaHelix
515,TYR,A,439,H,AlphaHelix
516,GLU,A,440,H,AlphaHelix
517,TYR,A,441,H,AlphaHelix
518,PHE,A,442,H,AlphaHelix
519,THR,A,443,H,AlphaHelix
520,VAL,A,444,H,AlphaHelix
521,TYR,A,445,H,AlphaHelix
522,ASN,A,446,H,AlphaHelix
523,GLU,A,447,H,AlphaHelix
524,LEU,A,448,H,AlphaHelix
525,THR,A,449,H,AlphaHelix
526,LYS,A,450,T,Turn
527,VAL,A,451,T,Turn
540,LEU,A,452,T,Turn
541,SER,A,453,C,Coil
542,GLY,A,454,H,AlphaHelix
543,GLU,A,455,H,AlphaHelix
544,GLN,A,456,H,AlphaHelix
545,LYS,A,457,H,AlphaHelix
546,LYS,A,458,H,AlphaHelix
547,ALA,A,459,H,AlphaHelix
548,ILE,A,460,H,AlphaHelix
549,VAL,A,461,H,AlphaHelix
550,ASP,A,462,H,AlphaHelix
551,LEU,A,463,H,AlphaHelix
552,LEU,A,464,H,AlphaHelix
553,PHE,A,465,H,AlphaHelix
554,LYS,A,466,H,AlphaHelix
555,THR,A,467,H,AlphaHelix
556,ASN,A,468,T,Turn
557,ARG,A,469,T,Turn
558,LYS,A,470,T,Turn
559,VAL,A,471,T,Turn
560,THR,A,472,T,Turn
561,VAL,A,473,T,Turn
562,LYS,A,474,T,Turn
563,GLN,A,475,T,Turn
564,LEU,A,476,T,Turn
565,LYS,A,477,T,Turn
566,GLU,A,478,T,Turn
567,ASP,A,479,T,Turn
587,PHE,A,480,C,Coil
588,ASN,A,481,C,Coil
589,ALA,A,482,C,Coil
590,SER,A,483,C,Coil
591,LEU,A,484,C,Coil
592,GLY,A,485,H,AlphaHelix
593,THR,A,486,H,AlphaHelix
594,TYR,A,487,H,AlphaHelix
595,HIS,A,488,H,AlphaHelix
596,ASP,A,489,H,AlphaHelix
597,LEU,A,490,H,AlphaHelix
598,LEU,A,491,H,AlphaHelix
599,LYS,A,492,H,AlphaHelix
600,ILE,A,493,H,AlphaHelix
601,ILE,A,494,H,AlphaHelix
602,LYS,A,495,C,Coil
603,ASP,A,496,C,Coil
604,LYS,A,497,H,AlphaHelix
605,ASP,A,498,H,AlphaHelix
606,PHE,A,499,H,AlphaHelix
607,LEU,A,500,H,AlphaHelix
608,ASP,A,501,H,AlphaHelix
609,ASN,A,502,T,Turn
610,GLU,A,503,T,Turn
611,GLU,A,504,T,Turn
612,ASN,A,505,H,AlphaHelix
613,GLU,A,506,H,AlphaHelix
614,ASP,A,507,H,AlphaHelix
615,ILE,A,508,H,AlphaHelix
616,LEU,A,509,H,AlphaHelix
617,GLU,A,510,H,AlphaHelix
618,ASP,A,511,H,AlphaHelix
619,ILE,A,512,H,AlphaHelix
620,VAL,A,513,H,AlphaHelix
621,LEU,A,514,H,AlphaHelix
622,THR,A,515,H,AlphaHelix
623,LEU,A,516,H,AlphaHelix
624,THR,A,517,H,AlphaHelix
625,LEU,A,518,H,AlphaHelix
626,PHE,A,519,C,Coil
627,GLU,A,520,C,Coil
628,ASP,A,521,C,Coil
629,ARG,A,522,H,AlphaHelix
630,GLU,A,523,H,AlphaHelix
631,MET,A,524,H,AlphaHelix
632,ILE,A,525,H,AlphaHelix
633,GLU,A,526,H,AlphaHelix
634,GLU,A,527,H,AlphaHelix
635,ARG,A,528,H,AlphaHelix
636,LEU,A,529,H,AlphaHelix
637,LYS,A,530,G,310Helix
638,THR,A,531,G,310Helix
639,TYR,A,532,G,310Helix
640,ALA,A,533,T,Turn
641,HIS,A,534,T,Turn
642,LEU,A,535,T,Turn
643,PHE,A,536,T,Turn
644,ASP,A,537,C,Coil
645,ASP,A,538,H,AlphaHelix
646,LYS,A,539,H,AlphaHelix
647,VAL,A,540,H,AlphaHelix
648,MET,A,541,H,AlphaHelix
649,LYS,A,542,H,AlphaHelix
650,GLN,A,543,H,AlphaHelix
651,LEU,A,544,H,AlphaHelix
652,LYS,A,545,H,AlphaHelix
653,ARG,A,546,H,AlphaHelix
654,ARG,A,547,C,Coil
655,ARG,A,548,C,Coil
656,TYR,A,549,C,Coil
657,THR,A,550,C,Coil
658,GLY,A,551,C,Coil
659,TRP,A,552,B,Bridge
660,GLY,A,553,C,Coil
661,ARG,A,554,C,Coil
662,LEU,A,555,C,Coil
663,SER,A,556,C,Coil
664,ARG,A,557,H,AlphaHelix
665,LYS,A,558,H,AlphaHelix
666,LEU,A,559,H,AlphaHelix
667,ILE,A,560,H,AlphaHelix
668,ASN,A,561,H,AlphaHelix
669,GLY,A,562,H,AlphaHelix
670,ILE,A,563,C,Coil
671,ARG,A,564,T,Turn
672,ASP,A,565,T,Turn
677,LYS,A,566,T,Turn
678,THR,A,567,T,Turn
679,ILE,A,568,H,AlphaHelix
680,LEU,A,569,H,AlphaHelix
681,ASP,A,570,H,AlphaHelix
682,PHE,A,571,H,AlphaHelix
683,LEU,A,572,H,AlphaHelix
684,LYS,A,573,H,AlphaHelix
691,ARG,A,574,C,Coil
692,ASN,A,575,C,Coil
693,PHE,A,576,H,AlphaHelix
694,MET,A,577,H,AlphaHelix
695,GLN,A,578,H,AlphaHelix
696,LEU,A,579,H,AlphaHelix
697,ILE,A,580,H,AlphaHelix
698,HIS,A,581,H,AlphaHelix
699,ASP,A,582,T,Turn
700,ASP,A,583,T,Turn
701,SER,A,584,T,Turn
702,LEU,A,585,T,Turn
703,THR,A,586,H,AlphaHelix
704,PHE,A,587,H,AlphaHelix
705,LYS,A,588,H,AlphaHelix
706,GLU,A,589,H,AlphaHelix
707,ASP,A,590,H,AlphaHelix
708,ILE,A,591,H,AlphaHelix
709,GLN,A,592,H,AlphaHelix
710,LYS,A,593,H,AlphaHelix
711,ALA,A,594,H,AlphaHelix
712,GLN,A,595,H,AlphaHelix
713,VAL,A,596,H,AlphaHelix
714,SER,A,597,H,AlphaHelix
718,ASP,A,598,C,Coil
719,SER,A,599,H,AlphaHelix
720,LEU,A,600,H,AlphaHelix
721,HIS,A,601,H,AlphaHelix
722,GLU,A,602,H,AlphaHelix
723,HIS,A,603,H,AlphaHelix
724,ILE,A,604,H,AlphaHelix
725,ALA,A,605,H,AlphaHelix
726,ASN,A,606,H,AlphaHelix
727,LEU,A,607,C,Coil
728,ALA,A,608,C,Coil
729,GLY,A,609,C,Coil
730,SER,A,610,C,Coil
731,PRO,A,611,H,AlphaHelix
732,ALA,A,612,H,AlphaHelix
733,ILE,A,613,H,AlphaHelix
734,LYS,A,614,H,AlphaHelix
735,LYS,A,615,H,AlphaHelix
736,GLY,A,616,H,AlphaHelix
737,ILE,A,617,H,AlphaHelix
738,LEU,A,618,H,AlphaHelix
739,GLN,A,619,H,AlphaHelix
740,THR,A,620,H,AlphaHelix
741,VAL,A,621,H,AlphaHelix
742,LYS,A,622,H,AlphaHelix
743,VAL,A,623,H,AlphaHelix
744,VAL,A,624,H,AlphaHelix
745,ASP,A,625,H,AlphaHelix
746,GLU,A,626,H,AlphaHelix
747,LEU,A,627,H,AlphaHelix
748,VAL,A,628,H,AlphaHelix
749,LYS,A,629,H,AlphaHelix
750,VAL,A,630,H,AlphaHelix
751,MET,A,631,H,AlphaHelix
752,GLY,A,632,T,Turn
753,ARG,A,633,T,Turn
754,HIS,A,634,T,Turn
755,LYS,A,635,C,Coil
756,PRO,A,636,T,Turn
757,GLU,A,637,T,Turn
758,ASN,A,638,E,Strand
759,ILE,A,639,E,Strand
760,VAL,A,640,E,Strand
761,ILE,A,641,E,Strand
762,GLU,A,642,E,Strand
763,MET,A,643,E,Strand
764,ALA,A,644,C,Coil
775,LYS,A,645,H,AlphaHelix
776,ASN,A,646,H,AlphaHelix
777,SER,A,647,H,AlphaHelix
778,ARG,A,648,H,AlphaHelix
779,GLU,A,649,H,AlphaHelix
780,ARG,A,650,H,AlphaHelix
781,MET,A,651,H,AlphaHelix
782,LYS,A,652,H,AlphaHelix
783,ARG,A,653,H,AlphaHelix
784,ILE,A,654,H,AlphaHelix
785,GLU,A,655,H,AlphaHelix
786,GLU,A,656,H,AlphaHelix
787,GLY,A,657,H,AlphaHelix
788,ILE,A,658,H,AlphaHelix
789,LYS,A,659,H,AlphaHelix
790,GLU,A,660,C,Coil
791,LEU,A,661,C,Coil
799,HIS,A,662,C,Coil
800,PRO,A,663,C,Coil
801,VAL,A,664,C,Coil
802,GLU,A,665,T,Turn
803,ASN,A,666,T,Turn
804,THR,A,667,T,Turn
805,GLN,A,668,T,Turn
806,LEU,A,669,T,Turn
807,GLN,A,670,T,Turn
808,ASN,A,671,T,Turn
809,GLU,A,672,H,AlphaHelix
810,LYS,A,673,H,AlphaHelix
811,LEU,A,674,H,AlphaHelix
812,TYR,A,675,H,AlphaHelix
813,LEU,A,676,H,AlphaHelix
814,TYR,A,677,H,AlphaHelix
815,TYR,A,678,H,AlphaHelix
816,LEU,A,679,H,AlphaHelix
817,GLN,A,680,H,AlphaHelix
818,ASN,A,681,T,Turn
819,GLY,A,682,T,Turn
820,ARG,A,683,B,Bridge
821,ASP,A,684,T,Turn
822,MET,A,685,T,Turn
823,TYR,A,686,T,Turn
824,VAL,A,687,T,Turn
825,ASP,A,688,T,Turn
826,GLN,A,689,C,Coil
827,GLU,A,690,B,Bridge
828,LEU,A,691,C,Coil
829,ASP,A,692,C,Coil
830,ILE,A,693,H,AlphaHelix
831,ASN,A,694,H,AlphaHelix
832,ARG,A,695,H,AlphaHelix
833,LEU,A,696,H,AlphaHelix
834,SER,A,697,H,AlphaHelix
835,ASP,A,698,H,AlphaHelix
836,TYR,A,699,H,AlphaHelix
837,ASP,A,700,C,Coil
838,VAL,A,701,E,Strand
839,ASP,A,702,E,Strand
840,HIS,A,703,E,Strand
841,ILE,A,704,T,Turn
842,VAL,A,705,T,Turn
843,PRO,A,706,T,Turn
844,GLN,A,707,T,Turn
845,SER,A,708,T,Turn
846,PHE,A,709,T,Turn
847,LEU,A,710,T,Turn
848,LYS,A,711,C,Coil
849,ASP,A,712,C,Coil
850,ASP,A,713,C,Coil
851,SER,A,714,C,Coil
852,ILE,A,715,G,310Helix
853,ASP,A,716,G,310Helix
854,ASN,A,717,G,310Helix
855,LYS,A,718,E,Strand
856,VAL,A,719,E,Strand
857,LEU,A,720,E,Strand
858,THR,A,721,C,Coil
859,ARG,A,722,T,Turn
862,LYS,A,723,T,Turn
863,ASN,A,724,T,Turn
864,ARG,A,725,T,Turn
865,GLY,A,726,T,Turn
866,LYS,A,727,T,Turn
867,SER,A,728,T,Turn
868,ASP,A,729,T,Turn
869,ASN,A,730,T,Turn
870,VAL,A,731,T,Turn
871,PRO,A,732,T,Turn
872,SER,A,733,T,Turn
873,GLU,A,734,T,Turn
874,GLU,A,735,G,310Helix
875,VAL,A,736,G,310Helix
876,VAL,A,737,G,310Helix
877,LYS,A,738,G,310Helix
878,LYS,A,739,G,310Helix
879,MET,A,740,G,310Helix
880,LYS,A,741,H,AlphaHelix
881,ASN,A,742,H,AlphaHelix
882,TYR,A,743,H,AlphaHelix
883,TRP,A,744,H,AlphaHelix
884,ARG,A,745,H,AlphaHelix
885,GLN,A,746,H,AlphaHelix
886,LEU,A,747,H,AlphaHelix
887,LEU,A,748,H,AlphaHelix
888,ASN,A,749,H,AlphaHelix
889,ALA,A,750,H,AlphaHelix
890,LYS,A,751,T,Turn
891,LEU,A,752,T,Turn
892,ILE,A,753,T,Turn
893,THR,A,754,T,Turn
894,GLN,A,755,H,AlphaHelix
895,ARG,A,756,H,AlphaHelix
896,LYS,A,757,H,AlphaHelix
897,PHE,A,758,H,AlphaHelix
898,ASP,A,759,H,AlphaHelix
899,ASN,A,760,H,AlphaHelix
900,LEU,A,761,H,AlphaHelix
901,THR,A,762,H,AlphaHelix
902,LYS,A,763,H,AlphaHelix
908,LEU,A,764,C,Coil
909,SER,A,765,C,Coil
910,GLU,A,766,H,AlphaHelix
911,LEU,A,767,H,AlphaHelix
912,ASP,A,768,H,AlphaHelix
913,LYS,A,769,H,AlphaHelix
914,ALA,A,770,H,AlphaHelix
915,GLY,A,771,H,AlphaHelix
916,PHE,A,772,H,AlphaHelix
917,ILE,A,773,H,AlphaHelix
918,LYS,A,774,H,AlphaHelix
919,ARG,A,775,H,AlphaHelix
920,GLN,A,776,H,AlphaHelix
921,LEU,A,777,C,Coil
922,VAL,A,778,C,Coil
923,GLU,A,779,C,Coil
924,THR,A,780,C,Coil
925,ARG,A,781,C,Coil
926,GLN,A,782,H,AlphaHelix
927,ILE,A,783,H,AlphaHelix
928,THR,A,784,H,AlphaHelix
929,LYS,A,785,H,AlphaHelix
930,HIS,A,786,H,AlphaHelix
931,VAL,A,787,H,AlphaHelix
932,ALA,A,788,H,AlphaHelix
933,GLN,A,789,H,AlphaHelix
934,ILE,A,790,H,AlphaHelix
935,LEU,A,791,H,AlphaHelix
936,ASP,A,792,H,AlphaHelix
937,SER,A,793,H,AlphaHelix
938,ARG,A,794,H,AlphaHelix
939,MET,A,795,H,AlphaHelix
940,ASN,A,796,C,Coil
941,THR,A,797,C,Coil
942,LYS,A,798,C,Coil
943,TYR,A,799,B,Bridge
944,ASP,A,800,T,Turn
945,GLU,A,801,T,Turn
946,ASN,A,802,T,Turn
947,ASP,A,803,T,Turn
948,LYS,A,804,C,Coil
949,LEU,A,805,B,Bridge
950,ILE,A,806,C,Coil
951,ARG,A,807,T,Turn
952,GLU,A,808,T,Turn
953,VAL,A,809,T,Turn
954,LYS,A,810,E,Strand
955,VAL,A,811,E,Strand
956,ILE,A,812,E,Strand
957,THR,A,813,E,Strand
958,LEU,A,814,C,Coil
959,LYS,A,815,C,Coil
960,SER,A,816,H,AlphaHelix
961,LYS,A,817,H,AlphaHelix
962,LEU,A,818,H,AlphaHelix
963,VAL,A,819,H,AlphaHelix
964,SER,A,820,H,AlphaHelix
965,ASP,A,821,H,AlphaHelix
966,PHE,A,822,H,AlphaHelix
967,ARG,A,823,H,AlphaHelix
968,LYS,A,824,H,AlphaHelix
969,ASP,A,825,H,AlphaHelix
970,PHE,A,826,H,AlphaHelix
971,GLN,A,827,C,Coil
972,PHE,A,828,C,Coil
973,TYR,A,829,C,Coil
974,LYS,A,830,C,Coil
975,VAL,A,831,T,Turn
976,ARG,A,832,T,Turn
977,GLU,A,833,T,Turn
978,ILE,A,834,T,Turn
979,ASN,A,835,T,Turn
980,ASN,A,836,H,AlphaHelix
981,TYR,A,837,H,AlphaHelix
982,HIS,A,838,H,AlphaHelix
983,HIS,A,839,H,AlphaHelix
984,ALA,A,840,H,AlphaHelix
985,HIS,A,841,H,AlphaHelix
986,ASP,A,842,H,AlphaHelix
987,ALA,A,843,H,AlphaHelix
988,TYR,A,844,H,AlphaHelix
989,LEU,A,845,H,AlphaHelix
990,ASN,A,846,H,AlphaHelix
991,ALA,A,847,H,AlphaHelix
992,VAL,A,848,H,AlphaHelix
993,VAL,A,849,H,AlphaHelix
994,GLY,A,850,H,AlphaHelix
995,THR,A,851,H,AlphaHelix
996,ALA,A,852,H,AlphaHelix
997,LEU,A,853,H,AlphaHelix
998,ILE,A,854,H,AlphaHelix
999,LYS,A,855,H,AlphaHelix
1000,LYS,A,856,H,AlphaHelix
1001,TYR,A,857,C,Coil
1002,PRO,A,858,G,310Helix
1003,LYS,A,859,G,310Helix
1004,LEU,A,860,G,310Helix
1005,GLU,A,861,G,310Helix
1006,SER,A,862,G,310Helix
1007,GLU,A,863,G,310Helix
1008,PHE,A,864,C,Coil
1009,VAL,A,865,B,Bridge
1010,TYR,A,866,C,Coil
1011,GLY,A,867,C,Coil
1012,ASP,A,868,C,Coil
1013,TYR,A,869,C,Coil
1014,LYS,A,870,C,Coil
1015,VAL,A,871,C,Coil
1016,TYR,A,872,C,Coil
1017,ASP,A,873,C,Coil
1018,VAL,A,874,G,310Helix
1019,ARG,A,875,G,310Helix
1020,LYS,A,876,G,310Helix
1021,MET,A,877,T,Turn
1022,ILE,A,878,B,Bridge
1023,ALA,A,879,T,Turn
1024,LYS,A,880,T,Turn
1025,SER,A,881,T,Turn
1026,GLU,A,882,T,Turn
1027,GLN,A,883,T,Turn
1036,TYR,A,884,C,Coil
1037,PHE,A,885,B,Bridge
1038,PHE,A,886,T,Turn
1039,TYR,A,887,T,Turn
1040,SER,A,888,T,Turn
1041,ASN,A,889,T,Turn
1042,ILE,A,890,T,Turn
1043,MET,A,891,T,Turn
1044,ASN,A,892,G,310Helix
1045,PHE,A,893,G,310Helix
1046,PHE,A,894,G,310Helix
1047,LYS,A,895,T,Turn
1048,THR,A,896,T,Turn
1049,GLU,A,897,E,Strand
1050,ILE,A,898,E,Strand
1051,THR,A,899,E,Strand
1052,LEU,A,900,T,Turn
1053,ALA,A,901,T,Turn
1054,ASN,A,902,T,Turn
1055,GLY,A,903,T,Turn
1056,GLU,A,904,C,Coil
1057,ILE,A,905,E,Strand
1058,ARG,A,906,E,Strand
1059,LYS,A,907,E,Strand
1060,ARG,A,908,C,Coil
1061,PRO,A,909,T,Turn
1062,LEU,A,910,T,Turn
1063,ILE,A,911,E,Strand
1064,GLU,A,912,E,Strand
1065,THR,A,913,E,Strand
1066,ASN,A,914,T,Turn
1067,GLY,A,915,T,Turn
1068,GLU,A,916,T,Turn
1069,THR,A,917,T,Turn
1070,GLY,A,918,T,Turn
1071,GLU,A,919,C,Coil
1072,ILE,A,920,E,Strand
1073,VAL,A,921,E,Strand
1074,TRP,A,922,E,Strand
1075,ASP,A,923,E,Strand
1076,LYS,A,924,H,AlphaHelix
1077,GLY,A,925,H,AlphaHelix
1078,ARG,A,926,H,AlphaHelix
1079,ASP,A,927,H,AlphaHelix
1080,PHE,A,928,H,AlphaHelix
1081,ALA,A,929,H,AlphaHelix
1082,THR,A,930,H,AlphaHelix
1083,VAL,A,931,H,AlphaHelix
1084,ARG,A,932,H,AlphaHelix
1085,LYS,A,933,H,AlphaHelix
1086,VAL,A,934,H,AlphaHelix
1087,LEU,A,935,H,AlphaHelix
1088,SER,A,936,H,AlphaHelix
1089,MET,A,937,C,Coil
1090,PRO,A,938,C,Coil
1091,GLN,A,939,C,Coil
1092,VAL,A,940,C,Coil
1093,ASN,A,941,E,Strand
1094,ILE,A,942,E,Strand
1095,VAL,A,943,E,Strand
1096,LYS,A,944,E,Strand
1097,LYS,A,945,C,Coil
1098,THR,A,946,C,Coil
1099,GLU,A,947,B,Bridge
1100,VAL,A,948,C,Coil
1101,GLN,A,949,C,Coil
1102,THR,A,950,C,Coil
1137,PRO,A,951,C,Coil
1138,THR,A,952,C,Coil
1139,VAL,A,953,E,Strand
1140,ALA,A,954,E,Strand
1141,TYR,A,955,E,Strand
1142,SER,A,956,E,Strand
1143,VAL,A,957,E,Strand
1144,LEU,A,958,E,Strand
1145,VAL,A,959,E,Strand
1146,VAL,A,960,T,Turn
1159,SER,A,961,T,Turn
1160,VAL,A,962,T,Turn
1161,LYS,A,963,T,Turn
1162,GLU,A,964,E,Strand
1163,LEU,A,965,E,Strand
1164,LEU,A,966,E,Strand
1165,GLY,A,967,E,Strand
1166,ILE,A,968,E,Strand
1167,THR,A,969,E,Strand
1168,ILE,A,970,H,AlphaHelix
1169,MET,A,971,H,AlphaHelix
1170,GLU,A,972,H,AlphaHelix
1171,ARG,A,973,H,AlphaHelix
1172,SER,A,974,H,AlphaHelix
1173,SER,A,975,H,AlphaHelix
1174,PHE,A,976,H,AlphaHelix
1175,GLU,A,977,H,AlphaHelix
1176,LYS,A,978,H,AlphaHelix
1177,ASN,A,979,C,Coil
1178,PRO,A,980,H,AlphaHelix
1179,ILE,A,981,H,AlphaHelix
1180,ASP,A,982,H,AlphaHelix
1181,PHE,A,983,H,AlphaHelix
1182,LEU,A,984,H,AlphaHelix
1183,GLU,A,985,H,AlphaHelix
1184,ALA,A,986,H,AlphaHelix
1185,LYS,A,987,H,AlphaHelix
1186,GLY,A,988,C,Coil
1192,LYS,A,989,C,Coil
1193,ASP,A,990,C,Coil
1194,LEU,A,991,C,Coil
1195,ILE,A,992,C,Coil
1196,ILE,A,993,C,Coil
1197,LYS,A,994,E,Strand
1198,LEU,A,995,E,Strand
1199,PRO,A,996,T,Turn
1200,LYS,A,997,B,Bridge
1201,TYR,A,998,T,Turn
1202,SER,A,999,E,Strand
1203,LEU,A,1000,E,Strand
1204,PHE,A,1001,E,Strand
1205,GLU,A,1002,E,Strand
1206,LEU,A,1003,E,Strand
1207,GLU,A,1004,T,Turn
1208,ASN,A,1005,T,Turn
1209,GLY,A,1006,T,Turn
1210,ARG,A,1007,E,Strand
1211,LYS,A,1008,E,Strand
1212,ARG,A,1009,E,Strand
1213,MET,A,1010,E,Strand
1214,LEU,A,1011,E,Strand
1215,ALA,A,1012,E,Strand
1216,SER,A,1013,E,Strand
1217,ALA,A,1014,T,Turn
1218,GLY,A,1015,T,Turn
1219,GLU,A,1016,E,Strand
1220,LEU,A,1017,E,Strand
1221,GLN,A,1018,E,Strand
1222,LYS,A,1019,E,Strand
1223,GLY,A,1020,C,Coil
1224,ASN,A,1021,C,Coil
1225,GLU,A,1022,C,Coil
1226,LEU,A,1023,C,Coil
1227,ALA,A,1024,C,Coil
1228,LEU,A,1025,C,Coil
1229,PRO,A,1026,C,Coil
1230,SER,A,1027,H,AlphaHelix
1231,LYS,A,1028,H,AlphaHelix
1232,TYR,A,1029,H,AlphaHelix
1233,VAL,A,1030,H,AlphaHelix
1234,ASN,A,1031,H,AlphaHelix
1235,PHE,A,1032,H,AlphaHelix
1236,LEU,A,1033,H,AlphaHelix
1237,TYR,A,1034,H,AlphaHelix
1238,LEU,A,1035,H,AlphaHelix
1239,ALA,A,1036,H,AlphaHelix
1240,SER,A,1037,H,AlphaHelix
1241,HIS,A,1038,H,AlphaHelix
1242,TYR,A,1039,C,Coil
1259,VAL,A,1040,T,Turn
1260,GLU,A,1041,T,Turn
1261,GLN,A,1042,T,Turn
1262,HIS,A,1043,T,Turn
1263,LYS,A,1044,H,AlphaHelix
1264,HIS,A,1045,H,AlphaHelix
1265,TYR,A,1046,H,AlphaHelix
1266,LEU,A,1047,H,AlphaHelix
1267,ASP,A,1048,H,AlphaHelix
1268,GLU,A,1049,H,AlphaHelix
1269,ILE,A,1050,H,AlphaHelix
1270,ILE,A,1051,H,AlphaHelix
1271,GLU,A,1052,H,AlphaHelix
1272,GLN,A,1053,H,AlphaHelix
1273,ILE,A,1054,H,AlphaHelix
1274,SER,A,1055,H,AlphaHelix
1275,GLU,A,1056,H,AlphaHelix
1276,PHE,A,1057,H,AlphaHelix
1277,SER,A,1058,H,AlphaHelix
1278,LYS,A,1059,H,AlphaHelix
1279,ARG,A,1060,H,AlphaHelix
1280,VAL,A,1061,H,AlphaHelix
1281,ILE,A,1062,H,AlphaHelix
1282,LEU,A,1063,C,Coil
1283,ALA,A,1064,C,Coil
1284,ASP,A,1065,H,AlphaHelix
1285,ALA,A,1066,H,AlphaHelix
1286,ASN,A,1067,H,AlphaHelix
1287,LEU,A,1068,H,AlphaHelix
1288,ASP,A,1069,H,AlphaHelix
1289,LYS,A,1070,H,AlphaHelix
1290,VAL,A,1071,H,AlphaHelix
1291,LEU,A,1072,H,AlphaHelix
1292,SER,A,1073,H,AlphaHelix
1293,ALA,A,1074,H,AlphaHelix
1294,TYR,A,1075,H,AlphaHelix
1295,ASN,A,1076,H,AlphaHelix
1296,LYS,A,1077,H,AlphaHelix
1297,HIS,A,1078,H,AlphaHelix
1298,ARG,A,1079,T,Turn
1299,ASP,A,1080,T,Turn
1300,LYS,A,1081,T,Turn
1301,PRO,A,1082,C,Coil
1302,ILE,A,1083,H,AlphaHelix
1303,ARG,A,1084,H,AlphaHelix
1304,GLU,A,1085,H,AlphaHelix
1305,GLN,A,1086,H,AlphaHelix
1306,ALA,A,1087,H,AlphaHelix
1307,GLU,A,1088,H,AlphaHelix
1308,ASN,A,1089,H,AlphaHelix
1309,ILE,A,1090,H,AlphaHelix
1310,ILE,A,1091,H,AlphaHelix
1311,HIS,A,1092,H,AlphaHelix
1312,LEU,A,1093,G,310Helix
1313,PHE,A,1094,G,310Helix
1314,THR,A,1095,G,310Helix
1315,LEU,A,1096,G,310Helix
1316,THR,A,1097,C,Coil
1317,ASN,A,1098,C,Coil
1318,LEU,A,1099,C,Coil
1319,GLY,A,1100,B,Bridge
1320,ALA,A,1101,C,Coil
1321,PRO,A,1102,C,Coil
1322,ALA,A,1103,C,Coil
1323,ALA,A,1104,C,Coil
1324,PHE,A,1105,E,Strand
1325,LYS,A,1106,E,Strand
1326,TYR,A,1107,E,Strand
1327,PHE,A,1108,T,Turn
1328,ASP,A,1109,T,Turn
1329,THR,A,1110,E,Strand
1330,THR,A,1111,E,Strand
1331,ILE,A,1112,E,Strand
1332,ASP,A,1113,C,Coil
1333,ARG,A,1114,C,Coil
1334,LYS,A,1115,C,Coil
1335,ARG,A,1116,C,Coil
1336,TYR,A,1117,B,Bridge
1337,THR,A,1118,C,Coil
1338,SER,A,1119,C,Coil
1339,THR,A,1120,T,Turn
1340,LYS,A,1121,T,Turn
1341,GLU,A,1122,T,Turn
1342,VAL,A,1123,G,310Helix
1343,LEU,A,1124,G,310Helix
1344,ASP,A,1125,G,310Helix
1345,ALA,A,1126,C,Coil
1346,THR,A,1127,E,Strand
1347,LEU,A,1128,E,Strand
1348,ILE,A,1129,E,Strand
1349,HIS,A,1130,E,Strand
1350,GLN,A,1131,E,Strand
1351,SER,A,1132,T,Turn
1352,ILE,A,1133,T,Turn
1353,THR,A,1134,T,Turn
1354,GLY,A,1135,T,Turn
1355,LEU,A,1136,T,Turn
1356,TYR,A,1137,T,Turn
1357,GLU,A,1138,E,Strand
1358,THR,A,1139,E,Strand
1359,ARG,A,1140,E,Strand
1360,ILE,A,1141,E,Strand
1361,ASP,A,1142,C,Coil
1362,LEU,A,1143,C,Coil
1363,SER,A,1144,C,Coil
4,LYS,B,1,C,Coil
5,TYR,B,2,C,Coil
6,SER,B,3,E,Strand
7,ILE,B,4,E,Strand
8,GLY,B,5,E,Strand
9,LEU,B,6,E,Strand
10,ASP,B,7,E,Strand
11,ILE,B,8,E,Strand
12,GLY,B,9,T,Turn
13,THR,B,10,T,Turn
14,ASN,B,11,T,Turn
15,SER,B,12,E,Strand
16,VAL,B,13,E,Strand
17,GLY,B,14,E,Strand
18,TRP,B,15,E,Strand
19,ALA,B,16,E,Strand
20,VAL,B,17,E,Strand
21,ILE,B,18,E,Strand
22,THR,B,19,T,Turn
23,ASP,B,20,T,Turn
24,GLU,B,21,T,Turn
25,TYR,B,22,T,Turn
26,LYS,B,23,C,Coil
27,VAL,B,24,C,Coil
28,PRO,B,25,C,Coil
29,SER,B,26,E,Strand
30,LYS,B,27,E,Strand
31,LYS,B,28,E,Strand
32,PHE,B,29,E,Strand
33,LYS,B,30,E,Strand
34,VAL,B,31,E,Strand
35,LEU,B,32,E,Strand
36,GLY,B,33,E,Strand
37,ASN,B,34,C,Coil
38,THR,B,35,C,Coil
39,ASP,B,36,C,Coil
40,ARG,B,37,T,Turn
41,HIS,B,38,T,Turn
42,SER,B,39,E,Strand
43,ILE,B,40,E,Strand
44,LYS,B,41,E,Strand
45,LYS,B,42,E,Strand
46,ASN,B,43,E,Strand
47,LEU,B,44,C,Coil
48,ILE,B,45,E,Strand
49,GLY,B,46,E,Strand
50,ALA,B,47,E,Strand
51,LEU,B,48,E,Strand
52,LEU,B,49,E,Strand
53,PHE,B,50,C,Coil
54,ASP,B,51,C,Coil
55,SER,B,52,C,Coil
56,GLY,B,53,C,Coil
57,GLU,B,54,C,Coil
58,THR,B,55,B,Bridge
59,ALA,B,56,C,Coil
60,GLU,B,57,G,310Helix
61,ALA,B,58,G,310Helix
62,THR,B,59,G,310Helix
63,ARG,B,60,G,310Helix
64,LEU,B,61,G,310Helix
65,LYS,B,62,C,Coil
66,ARG,B,63,C,Coil
67,THR,B,64,C,Coil
68,ALA,B,65,C,Coil
69,ARG,B,66,H,AlphaHelix
70,ARG,B,67,H,AlphaHelix
71,ARG,B,68,H,AlphaHelix
72,TYR,B,69,H,AlphaHelix
73,THR,B,70,H,AlphaHelix
74,ARG,B,71,H,AlphaHelix
75,ARG,B,72,H,AlphaHelix
76,LYS,B,73,H,AlphaHelix
77,ASN,B,74,H,AlphaHelix
78,ARG,B,75,H,AlphaHelix
79,ILE,B,76,H,AlphaHelix
80,CYS,B,77,H,AlphaHelix
81,TYR,B,78,H,AlphaHelix
82,LEU,B,79,H,AlphaHelix
83,GLN,B,80,H,AlphaHelix
84,GLU,B,81,H,AlphaHelix
85,ILE,B,82,H,AlphaHelix
86,PHE,B,83,H,AlphaHelix
87,SER,B,84,H,AlphaHelix
88,ASN,B,85,H,AlphaHelix
89,GLU,B,86,H,AlphaHelix
90,MET,B,87,H,AlphaHelix
91,ALA,B,88,H,AlphaHelix
92,LYS,B,89,H,AlphaHelix
93,VAL,B,90,H,AlphaHelix
94,ASP,B,91,C,Coil
95,ASP,B,92,C,Coil
96,SER,B,93,H,AlphaHelix
97,PHE,B,94,H,AlphaHelix
98,PHE,B,95,H,AlphaHelix
99,HIS,B,96,H,AlphaHelix
100,ARG,B,97,H,AlphaHelix
101,LEU,B,98,C,Coil
102,GLU,B,99,C,Coil
103,GLU,B,100,C,Coil
116,HIS,B,101,C,Coil
117,PRO,B,102,C,Coil
118,ILE,B,103,C,Coil
119,PHE,B,104,C,Coil
120,GLY,B,105,C,Coil
121,ASN,B,106,C,Coil
122,ILE,B,107,H,AlphaHelix
123,VAL,B,108,H,AlphaHelix
124,ASP,B,109,H,AlphaHelix
125,GLU,B,110,H,AlphaHelix
126,VAL,B,111,H,AlphaHelix
127,ALA,B,112,H,AlphaHelix
128,TYR,B,113,H,AlphaHelix
129,HIS,B,114,H,AlphaHelix
130,GLU,B,115,H,AlphaHelix
131,LYS,B,116,H,AlphaHelix
132,TYR,B,117,T,Turn
133,PRO,B,118,T,Turn
134,THR,B,119,T,Turn
135,ILE,B,120,H,AlphaHelix
136,TYR,B,121,H,AlphaHelix
137,HIS,B,122,H,AlphaHelix
138,LEU,B,123,H,AlphaHelix
139,ARG,B,124,H,AlphaHelix
140,LYS,B,125,H,AlphaHelix
141,LYS,B,126,H,AlphaHelix
142,LEU,B,127,H,AlphaHelix
143,VAL,B,128,H,AlphaHelix
144,ASP,B,129,H,AlphaHelix
145,SER,B,130,C,Coil
146,THR,B,131,C,Coil
147,ASP,B,132,C,Coil
148,LYS,B,133,C,Coil
149,ALA,B,134,C,Coil
150,ASP,B,135,C,Coil
151,LEU,B,136,H,AlphaHelix
152,ARG,B,137,H,AlphaHelix
153,LEU,B,138,H,AlphaHelix
154,ILE,B,139,H,AlphaHelix
155,TYR,B,140,H,AlphaHelix
156,LEU,B,141,H,AlphaHelix
157,ALA,B,142,H,AlphaHelix
158,LEU,B,143,H,AlphaHelix
159,ALA,B,144,H,AlphaHelix
160,HIS,B,145,H,AlphaHelix
161,MET,B,146,H,AlphaHelix
162,ILE,B,147,H,AlphaHelix
163,LYS,B,148,H,AlphaHelix
164,PHE,B,149,C,Coil
165,ARG,B,150,C,Coil
166,GLY,B,151,C,Coil
167,HIS,B,152,B,Bridge
168,PHE,B,153,T,Turn
169,LEU,B,154,T,Turn
170,ILE,B,155,T,Turn
171,GLU,B,156,T,Turn
172,GLY,B,157,C,Coil
173,ASP,B,158,C,Coil
174,LEU,B,159,C,Coil
175,ASN,B,160,C,Coil
176,PRO,B,161,C,Coil
177,ASP,B,162,G,310Helix
178,ASN,B,163,G,310Helix
179,SER,B,164,G,310Helix
180,ASP,B,165,T,Turn
181,VAL,B,166,T,Turn
182,ASP,B,167,T,Turn
183,LYS,B,168,T,Turn
184,LEU,B,169,T,Turn
185,PHE,B,170,T,Turn
186,ILE,B,171,T,Turn
187,GLN,B,172,T,Turn
188,LEU,B,173,T,Turn
189,VAL,B,174,T,Turn
190,GLN,B,175,T,Turn
191,THR,B,176,T,Turn
192,TYR,B,177,G,310Helix
193,ASN,B,178,G,310Helix
194,GLN,B,179,G,310Helix
195,LEU,B,180,G,310Helix
196,PHE,B,181,T,Turn
197,GLU,B,182,T,Turn
198,GLU,B,183,T,Turn
199,ASN,B,184,T,Turn
200,PRO,B,185,T,Turn
201,ILE,B,186,C,Coil
202,ASN,B,187,C,Coil
203,ALA,B,188,T,Turn
204,SER,B,189,T,Turn
205,GLY,B,190,T,Turn
206,VAL,B,191,T,Turn
207,ASP,B,192,C,Coil
208,ALA,B,193,C,Coil
209,LYS,B,194,G,310Helix
210,ALA,B,195,G,310Helix
211,ILE,B,196,G,310Helix
212,LEU,B,197,T,Turn
213,SER,B,198,T,Turn
214,ALA,B,199,T,Turn
215,ARG,B,200,C,Coil
216,LEU,B,201,C,Coil
217,SER,B,202,T,Turn
218,LYS,B,203,T,Turn
219,SER,B,204,T,Turn
220,ARG,B,205,T,Turn
221,ARG,B,206,T,Turn
222,LEU,B,207,T,Turn
223,GLU,B,208,T,Turn
224,ASN,B,209,T,Turn
225,LEU,B,210,T,Turn
226,ILE,B,211,G,310Helix
227,ALA,B,212,G,310Helix
228,GLN,B,213,G,310Helix
229,LEU,B,214,T,Turn
230,PRO,B,215,T,Turn
231,GLY,B,216,T,Turn
232,GLU,B,217,T,Turn
233,LYS,B,218,T,Turn
234,LYS,B,219,T,Turn
235,ASN,B,220,T,Turn
236,GLY,B,221,T,Turn
237,LEU,B,222,T,Turn
238,PHE,B,223,T,Turn
239,GLY,B,224,T,Turn
240,ASN,B,225,T,Turn
241,LEU,B,226,T,Turn
242,ILE,B,227,T,Turn
243,ALA,B,228,T,Turn
244,LEU,B,229,G,310Helix
245,SER,B,230,G,310Helix
246,LEU,B,231,G,310Helix
247,GLY,B,232,C,Coil
248,LEU,B,233,C,Coil
249,THR,B,234,C,Coil
250,PRO,B,235,C,Coil
251,ASN,B,236,B,Bridge
252,PHE,B,237,T,Turn
253,LYS,B,238,T,Turn
254,SER,B,239,T,Turn
255,ASN,B,240,T,Turn
256,PHE,B,241,T,Turn
257,ASP,B,242,T,Turn
258,LEU,B,243,C,Coil
259,ALA,B,244,C,Coil
260,GLU,B,245,C,Coil
261,ASP,B,246,C,Coil
262,ALA,B,247,C,Coil
263,LYS,B,248,B,Bridge
264,LEU,B,249,C,Coil
265,GLN,B,250,T,Turn
266,LEU,B,251,T,Turn
267,SER,B,252,T,Turn
268,LYS,B,253,T,Turn
269,ASP,B,254,T,Turn
270,THR,B,255,T,Turn
271,TYR,B,256,T,Turn
272,ASP,B,257,T,Turn
273,ASP,B,258,T,Turn
274,ASP,B,259,T,Turn
275,LEU,B,260,T,Turn
276,ASP,B,261,T,Turn
277,ASN,B,262,T,Turn
278,LEU,B,263,G,310Helix
279,LEU,B,264,G,310Helix
280,ALA,B,265,G,310Helix
281,GLN,B,266,G,310Helix
282,ILE,B,267,C,Coil
283,GLY,B,268,C,Coil
284,ASP,B,269,G,310Helix
285,GLN,B,270,G,310Helix
286,TYR,B,271,G,310Helix
287,ALA,B,272,G,310Helix
288,ASP,B,273,G,310Helix
289,LEU,B,274,G,310Helix
290,PHE,B,275,T,Turn
291,LEU,B,276,T,Turn
292,ALA,B,277,T,Turn
293,ALA,B,278,T,Turn
294,LYS,B,279,T,Turn
295,ASN,B,280,T,Turn
296,LEU,B,281,T,Turn
297,SER,B,282,T,Turn
298,ASP,B,283,T,Turn
299,ALA,B,284,T,Turn
300,ILE,B,285,T,Turn
301,LEU,B,286,T,Turn
302,LEU,B,287,H,AlphaHelix
303,SER,B,288,H,AlphaHelix
304,ASP,B,289,H,AlphaHelix
305,ILE,B,290,H,AlphaHelix
306,LEU,B,291,H,AlphaHelix
307,ARG,B,292,C,Coil
308,VAL,B,293,C,Coil
310,THR,B,294,T,Turn
311,GLU,B,295,T,Turn
312,ILE,B,296,T,Turn
313,THR,B,297,T,Turn
314,LYS,B,298,T,Turn
315,ALA,B,299,T,Turn
316,PRO,B,300,H,AlphaHelix
317,LEU,B,301,H,AlphaHelix
318,SER,B,302,H,AlphaHelix
319,ALA,B,303,H,AlphaHelix
320,SER,B,304,H,AlphaHelix
321,MET,B,305,H,AlphaHelix
322,ILE,B,306,H,AlphaHelix
323,LYS,B,307,H,AlphaHelix
324,ARG,B,308,H,AlphaHelix
325,TYR,B,309,H,AlphaHelix
326,ASP,B,310,H,AlphaHelix
327,GLU,B,311,H,AlphaHelix
328,HIS,B,312,H,AlphaHelix
329,HIS,B,313,H,AlphaHelix
330,GLN,B,314,H,AlphaHelix
331,ASP,B,315,H,AlphaHelix
332,LEU,B,316,H,AlphaHelix
333,THR,B,317,H,AlphaHelix
334,LEU,B,318,H,AlphaHelix
335,LEU,B,319,H,AlphaHelix
336,LYS,B,320,H,AlphaHelix
337,ALA,B,321,H,AlphaHelix
338,LEU,B,322,H,AlphaHelix
339,VAL,B,323,H,AlphaHelix
340,ARG,B,324,H,AlphaHelix
341,GLN,B,325,H,AlphaHelix
342,GLN,B,326,H,AlphaHelix
343,LEU,B,327,C,Coil
344,PRO,B,328,H,AlphaHelix
345,GLU,B,329,H,AlphaHelix
346,LYS,B,330,H,AlphaHelix
347,TYR,B,331,H,AlphaHelix
348,LYS,B,332,H,AlphaHelix
349,GLU,B,333,H,AlphaHelix
350,ILE,B,334,H,AlphaHelix
351,PHE,B,335,H,AlphaHelix
352,PHE,B,336,H,AlphaHelix
353,ASP,B,337,T,Turn
354,GLN,B,338,T,Turn
355,SER,B,339,T,Turn
356,LYS,B,340,T,Turn
357,ASN,B,341,T,Turn
358,GLY,B,342,C,Coil
359,TYR,B,343,H,AlphaHelix
360,ALA,B,344,H,AlphaHelix
361,GLY,B,345,H,AlphaHelix
362,TYR,B,346,H,AlphaHelix
363,ILE,B,347,H,AlphaHelix
364,ASP,B,348,H,AlphaHelix
365,GLY,B,349,C,Coil
366,GLY,B,350,C,Coil
367,ALA,B,351,C,Coil
368,SER,B,352,T,Turn
369,GLN,B,353,T,Turn
370,GLU,B,354,T,Turn
371,GLU,B,355,T,Turn
372,PHE,B,356,T,Turn
373,TYR,B,357,G,310Helix
374,LYS,B,358,G,310Helix
375,PHE,B,359,G,310Helix
376,ILE,B,360,T,Turn
377,LYS,B,361,T,Turn
378,PRO,B,362,G,310Helix
379,ILE,B,363,G,310Helix
380,LEU,B,364,G,310Helix
381,GLU,B,365,C,Coil
382,LYS,B,366,C,Coil
383,MET,B,367,C,Coil
384,ASP,B,368,T,Turn
385,GLY,B,369,T,Turn
386,THR,B,370,T,Turn
387,GLU,B,371,T,Turn
388,GLU,B,372,T,Turn
389,LEU,B,373,T,Turn
390,LEU,B,374,T,Turn
391,VAL,B,375,T,Turn
392,LYS,B,376,T,Turn
393,LEU,B,377,T,Turn
394,ASN,B,378,T,Turn
395,ARG,B,379,T,Turn
396,GLU,B,380,T,Turn
397,ASP,B,381,T,Turn
398,LEU,B,382,T,Turn
399,LEU,B,383,T,Turn
400,ARG,B,384,T,Turn
401,LYS,B,385,T,Turn
402,GLN,B,386,T,Turn
403,ARG,B,387,T,Turn
404,THR,B,388,T,Turn
405,PHE,B,389,T,Turn
406,ASP,B,390,C,Coil
407,ASN,B,391,C,Coil
408,GLY,B,392,C,Coil
409,SER,B,393,C,Coil
410,ILE,B,394,C,Coil
411,PRO,B,395,B,Bridge
412,HIS,B,396,H,AlphaHelix
413,GLN,B,397,H,AlphaHelix
414,ILE,B,398,H,AlphaHelix
415,HIS,B,399,H,AlphaHelix
416,LEU,B,400,H,AlphaHelix
417,GLY,B,401,H,AlphaHelix
418,GLU,B,402,H,AlphaHelix
419,LEU,B,403,H,AlphaHelix
420,HIS,B,404,H,AlphaHelix
421,ALA,B,405,H,AlphaHelix
422,ILE,B,406,H,AlphaHelix
423,LEU,B,407,H,AlphaHelix
424,ARG,B,408,H,AlphaHelix
425,ARG,B,409,H,AlphaHelix
426,GLN,B,410,H,AlphaHelix
427,GLU,B,411,G,310Helix
428,ASP,B,412,G,310Helix
429,PHE,B,413,G,310Helix
430,TYR,B,414,C,Coil
431,PRO,B,415,H,AlphaHelix
432,PHE,B,416,H,AlphaHelix
433,LEU,B,417,H,AlphaHelix
434,LYS,B,418,H,AlphaHelix
435,ASP,B,419,H,AlphaHelix
436,ASN,B,420,H,AlphaHelix
437,ARG,B,421,H,AlphaHelix
438,GLU,B,422,H,AlphaHelix
439,LYS,B,423,H,AlphaHelix
440,ILE,B,424,H,AlphaHelix
441,GLU,B,425,H,AlphaHelix
442,LYS,B,426,H,AlphaHelix
443,ILE,B,427,H,AlphaHelix
444,LEU,B,428,H,AlphaHelix
445,THR,B,429,H,AlphaHelix
446,PHE,B,430,C,Coil
447,ARG,B,431,C,Coil
502,LEU,B,432,C,Coil
503,PRO,B,433,C,Coil
504,ASN,B,434,C,Coil
505,GLU,B,435,C,Coil
506,LYS,B,436,C,Coil
507,VAL,B,437,C,Coil
508,LEU,B,438,C,Coil
509,PRO,B,439,B,Bridge
510,LYS,B,440,T,Turn
511,HIS,B,441,T,Turn
512,SER,B,442,T,Turn
513,LEU,B,443,H,AlphaHelix
514,LEU,B,444,H,AlphaHelix
515,TYR,B,445,H,AlphaHelix
516,GLU,B,446,H,AlphaHelix
517,TYR,B,447,H,AlphaHelix
518,PHE,B,448,H,AlphaHelix
519,THR,B,449,H,AlphaHelix
520,VAL,B,450,H,AlphaHelix
521,TYR,B,451,H,AlphaHelix
522,ASN,B,452,H,AlphaHelix
523,GLU,B,453,H,AlphaHelix
524,LEU,B,454,H,AlphaHelix
525,THR,B,455,T,Turn
526,LYS,B,456,T,Turn
527,VAL,B,457,T,Turn
539,PHE,B,458,C,Coil
540,LEU,B,459,C,Coil
541,SER,B,460,C,Coil
542,GLY,B,461,C,Coil
543,GLU,B,462,H,AlphaHelix
544,GLN,B,463,H,AlphaHelix
545,LYS,B,464,H,AlphaHelix
546,LYS,B,465,H,AlphaHelix
547,ALA,B,466,H,AlphaHelix
548,ILE,B,467,H,AlphaHelix
549,VAL,B,468,H,AlphaHelix
550,ASP,B,469,H,AlphaHelix
551,LEU,B,470,H,AlphaHelix
552,LEU,B,471,H,AlphaHelix
553,PHE,B,472,T,Turn
554,LYS,B,473,T,Turn
555,THR,B,474,T,Turn
556,ASN,B,475,T,Turn
557,ARG,B,476,T,Turn
558,LYS,B,477,T,Turn
559,VAL,B,478,T,Turn
560,THR,B,479,C,Coil
561,VAL,B,480,H,AlphaHelix
562,LYS,B,481,H,AlphaHelix
563,GLN,B,482,H,AlphaHelix
564,LEU,B,483,H,AlphaHelix
565,LYS,B,484,H,AlphaHelix
566,GLU,B,485,H,AlphaHelix
567,ASP,B,486,H,AlphaHelix
568,TYR,B,487,H,AlphaHelix
569,PHE,B,488,H,AlphaHelix
570,LYS,B,489,H,AlphaHelix
587,PHE,B,490,C,Coil
588,ASN,B,491,C,Coil
589,ALA,B,492,C,Coil
590,SER,B,493,C,Coil
591,LEU,B,494,C,Coil
592,GLY,B,495,H,AlphaHelix
593,THR,B,496,H,AlphaHelix
594,TYR,B,497,H,AlphaHelix
595,HIS,B,498,H,AlphaHelix
596,ASP,B,499,H,AlphaHelix
597,LEU,B,500,H,AlphaHelix
598,LEU,B,501,H,AlphaHelix
599,LYS,B,502,H,AlphaHelix
600,ILE,B,503,H,AlphaHelix
601,ILE,B,504,C,Coil
602,LYS,B,505,C,Coil
603,ASP,B,506,C,Coil
604,LYS,B,507,H,AlphaHelix
605,ASP,B,508,H,AlphaHelix
606,PHE,B,509,H,AlphaHelix
607,LEU,B,510,H,AlphaHelix
608,ASP,B,511,H,AlphaHelix
609,ASN,B,512,C,Coil
610,GLU,B,513,H,AlphaHelix
611,GLU,B,514,H,AlphaHelix
612,ASN,B,515,H,AlphaHelix
613,GLU,B,516,H,AlphaHelix
614,ASP,B,517,H,AlphaHelix
615,ILE,B,518,H,AlphaHelix
616,LEU,B,519,H,AlphaHelix
617,GLU,B,520,H,AlphaHelix
618,ASP,B,521,H,AlphaHelix
619,ILE,B,522,H,AlphaHelix
620,VAL,B,523,H,AlphaHelix
621,LEU,B,524,H,AlphaHelix
622,THR,B,525,H,AlphaHelix
623,LEU,B,526,H,AlphaHelix
624,THR,B,527,H,AlphaHelix
625,LEU,B,528,H,AlphaHelix
626,PHE,B,529,C,Coil
627,GLU,B,530,C,Coil
628,ASP,B,531,C,Coil
629,ARG,B,532,H,AlphaHelix
630,GLU,B,533,H,AlphaHelix
631,MET,B,534,H,AlphaHelix
632,ILE,B,535,H,AlphaHelix
633,GLU,B,536,H,AlphaHelix
634,GLU,B,537,H,AlphaHelix
635,ARG,B,538,H,AlphaHelix
636,LEU,B,539,H,AlphaHelix
637,LYS,B,540,G,310Helix
638,THR,B,541,G,310Helix
639,TYR,B,542,G,310Helix
640,ALA,B,543,T,Turn
641,HIS,B,544,T,Turn
642,LEU,B,545,T,Turn
643,PHE,B,546,T,Turn
644,ASP,B,547,C,Coil
645,ASP,B,548,H,AlphaHelix
646,LYS,B,549,H,AlphaHelix
647,VAL,B,550,H,AlphaHelix
648,MET,B,551,H,AlphaHelix
649,LYS,B,552,H,AlphaHelix
650,GLN,B,553,H,AlphaHelix
651,LEU,B,554,H,AlphaHelix
652,LYS,B,555,H,AlphaHelix
653,ARG,B,556,H,AlphaHelix
654,ARG,B,557,C,Coil
655,ARG,B,558,C,Coil
656,TYR,B,559,C,Coil
657,THR,B,560,C,Coil
658,GLY,B,561,C,Coil
659,TRP,B,562,B,Bridge
660,GLY,B,563,C,Coil
661,ARG,B,564,C,Coil
662,LEU,B,565,C,Coil
663,SER,B,566,C,Coil
664,ARG,B,567,H,AlphaHelix
665,LYS,B,568,H,AlphaHelix
666,LEU,B,569,H,AlphaHelix
667,ILE,B,570,H,AlphaHelix
668,ASN,B,571,H,AlphaHelix
669,GLY,B,572,H,AlphaHelix
670,ILE,B,573,C,Coil
671,ARG,B,574,T,Turn
672,ASP,B,575,T,Turn
673,LYS,B,576,T,Turn
676,GLY,B,577,T,Turn
677,LYS,B,578,T,Turn
678,THR,B,579,C,Coil
679,ILE,B,580,H,AlphaHelix
680,LEU,B,581,H,AlphaHelix
681,ASP,B,582,H,AlphaHelix
682,PHE,B,583,H,AlphaHelix
683,LEU,B,584,H,AlphaHelix
684,LYS,B,585,H,AlphaHelix
685,SER,B,586,C,Coil
686,ASP,B,587,T,Turn
687,GLY,B,588,T,Turn
688,PHE,B,589,T,Turn
689,ALA,B,590,T,Turn
690,ASN,B,591,C,Coil
691,ARG,B,592,C,Coil
692,ASN,B,593,C,Coil
693,PHE,B,594,H,AlphaHelix
694,MET,B,595,H,AlphaHelix
695,GLN,B,596,H,AlphaHelix
696,LEU,B,597,H,AlphaHelix
697,ILE,B,598,H,AlphaHelix
698,HIS,B,599,H,AlphaHelix
699,ASP,B,600,T,Turn
700,ASP,B,601,T,Turn
701,SER,B,602,T,Turn
702,LEU,B,603,T,Turn
703,THR,B,604,H,AlphaHelix
704,PHE,B,605,H,AlphaHelix
705,LYS,B,606,H,AlphaHelix
706,GLU,B,607,H,AlphaHelix
707,ASP,B,608,H,AlphaHelix
708,ILE,B,609,H,AlphaHelix
709,GLN,B,610,H,AlphaHelix
710,LYS,B,611,H,AlphaHelix
711,ALA,B,612,H,AlphaHelix
712,GLN,B,613,H,AlphaHelix
713,VAL,B,614,H,AlphaHelix
718,ASP,B,615,T,Turn
719,SER,B,616,T,Turn
720,LEU,B,617,T,Turn
721,HIS,B,618,T,Turn
722,GLU,B,619,T,Turn
723,HIS,B,620,T,Turn
724,ILE,B,621,G,310Helix
725,ALA,B,622,G,310Helix
726,ASN,B,623,G,310Helix
727,LEU,B,624,C,Coil
728,ALA,B,625,C,Coil
729,GLY,B,626,C,Coil
730,SER,B,627,T,Turn
731,PRO,B,628,T,Turn
732,ALA,B,629,T,Turn
733,ILE,B,630,T,Turn
734,LYS,B,631,T,Turn
735,LYS,B,632,T,Turn
736,GLY,B,633,T,Turn
737,ILE,B,634,T,Turn
738,LEU,B,635,T,Turn
739,GLN,B,636,T,Turn
740,THR,B,637,T,Turn
741,VAL,B,638,T,Turn
742,LYS,B,639,T,Turn
743,VAL,B,640,T,Turn
744,VAL,B,641,T,Turn
745,ASP,B,642,T,Turn
746,GLU,B,643,T,Turn
747,LEU,B,644,T,Turn
748,VAL,B,645,T,Turn
749,LYS,B,646,G,310Helix
750,VAL,B,647,G,310Helix
751,MET,B,648,G,310Helix
752,GLY,B,649,T,Turn
753,ARG,B,650,T,Turn
754,HIS,B,651,T,Turn
755,LYS,B,652,C,Coil
756,PRO,B,653,T,Turn
757,GLU,B,654,T,Turn
758,ASN,B,655,E,Strand
759,ILE,B,656,E,Strand
760,VAL,B,657,E,Strand
761,ILE,B,658,E,Strand
762,GLU,B,659,E,Strand
763,MET,B,660,C,Coil
764,ALA,B,661,C,Coil
773,GLY,B,662,T,Turn
774,GLN,B,663,T,Turn
775,LYS,B,664,T,Turn
776,ASN,B,665,T,Turn
777,SER,B,666,T,Turn
778,ARG,B,667,T,Turn
779,GLU,B,668,T,Turn
780,ARG,B,669,T,Turn
781,MET,B,670,T,Turn
782,LYS,B,671,T,Turn
783,ARG,B,672,T,Turn
784,ILE,B,673,T,Turn
785,GLU,B,674,T,Turn
786,GLU,B,675,T,Turn
787,GLY,B,676,T,Turn
788,ILE,B,677,G,310Helix
789,LYS,B,678,G,310Helix
790,GLU,B,679,G,310Helix
791,LEU,B,680,C,Coil
800,PRO,B,681,C,Coil
801,VAL,B,682,C,Coil
802,GLU,B,683,C,Coil
803,ASN,B,684,G,310Helix
804,THR,B,685,G,310Helix
805,GLN,B,686,G,310Helix
806,LEU,B,687,T,Turn
807,GLN,B,688,T,Turn
808,ASN,B,689,T,Turn
809,GLU,B,690,T,Turn
810,LYS,B,691,T,Turn
811,LEU,B,692,T,Turn
812,TYR,B,693,T,Turn
813,LEU,B,694,T,Turn
814,TYR,B,695,T,Turn
815,TYR,B,696,G,310Helix
816,LEU,B,697,G,310Helix
817,GLN,B,698,G,310Helix
818,ASN,B,699,T,Turn
819,GLY,B,700,T,Turn
820,ARG,B,701,B,Bridge
821,ASP,B,702,T,Turn
822,MET,B,703,T,Turn
823,TYR,B,704,T,Turn
824,VAL,B,705,T,Turn
825,ASP,B,706,C,Coil
826,GLN,B,707,C,Coil
827,GLU,B,708,B,Bridge
828,LEU,B,709,C,Coil
829,ASP,B,710,C,Coil
830,ILE,B,711,C,Coil
831,ASN,B,712,T,Turn
832,ARG,B,713,T,Turn
833,LEU,B,714,T,Turn
834,SER,B,715,G,310Helix
835,ASP,B,716,G,310Helix
836,TYR,B,717,G,310Helix
837,ASP,B,718,C,Coil
838,VAL,B,719,E,Strand
839,ASP,B,720,E,Strand
840,HIS,B,721,E,Strand
841,ILE,B,722,T,Turn
842,VAL,B,723,T,Turn
843,PRO,B,724,T,Turn
844,GLN,B,725,T,Turn
845,SER,B,726,T,Turn
846,PHE,B,727,T,Turn
847,LEU,B,728,T,Turn
848,LYS,B,729,C,Coil
849,ASP,B,730,C,Coil
850,ASP,B,731,C,Coil
851,SER,B,732,C,Coil
852,ILE,B,733,G,310Helix
853,ASP,B,734,G,310Helix
854,ASN,B,735,G,310Helix
855,LYS,B,736,E,Strand
856,VAL,B,737,E,Strand
857,LEU,B,738,E,Strand
858,THR,B,739,C,Coil
859,ARG,B,740,C,Coil
862,LYS,B,741,T,Turn
863,ASN,B,742,T,Turn
864,ARG,B,743,T,Turn
865,GLY,B,744,T,Turn
866,LYS,B,745,T,Turn
867,SER,B,746,T,Turn
868,ASP,B,747,C,Coil
869,ASN,B,748,C,Coil
870,VAL,B,749,C,Coil
871,PRO,B,750,C,Coil
872,SER,B,751,C,Coil
873,GLU,B,752,C,Coil
874,GLU,B,753,G,310Helix
875,VAL,B,754,G,310Helix
876,VAL,B,755,G,310Helix
877,LYS,B,756,G,310Helix
878,LYS,B,757,G,310Helix
879,MET,B,758,T,Turn
880,LYS,B,759,T,Turn
881,ASN,B,760,T,Turn
882,TYR,B,761,G,310Helix
883,TRP,B,762,G,310Helix
884,ARG,B,763,G,310Helix
885,GLN,B,764,T,Turn
886,LEU,B,765,T,Turn
887,LEU,B,766,T,Turn
888,ASN,B,767,T,Turn
889,ALA,B,768,T,Turn
890,LYS,B,769,T,Turn
891,LEU,B,770,T,Turn
892,ILE,B,771,T,Turn
893,THR,B,772,T,Turn
894,GLN,B,773,T,Turn
895,ARG,B,774,T,Turn
896,LYS,B,775,T,Turn
897,PHE,B,776,G,310Helix
898,ASP,B,777,G,310Helix
899,ASN,B,778,G,310Helix
900,LEU,B,779,T,Turn
901,THR,B,780,T,Turn
902,LYS,B,781,T,Turn
908,LEU,B,782,C,Coil
909,SER,B,783,T,Turn
910,GLU,B,784,T,Turn
911,LEU,B,785,T,Turn
912,ASP,B,786,T,Turn
913,LYS,B,787,T,Turn
914,ALA,B,788,T,Turn
915,GLY,B,789,T,Turn
916,PHE,B,790,T,Turn
917,ILE,B,791,T,Turn
918,LYS,B,792,G,310Helix
919,ARG,B,793,G,310Helix
920,GLN,B,794,G,310Helix
921,LEU,B,795,C,Coil
922,VAL,B,796,C,Coil
923,GLU,B,797,C,Coil
924,THR,B,798,C,Coil
925,ARG,B,799,C,Coil
926,GLN,B,800,G,310Helix
927,ILE,B,801,G,310Helix
928,THR,B,802,G,310Helix
929,LYS,B,803,T,Turn
930,HIS,B,804,T,Turn
931,VAL,B,805,T,Turn
932,ALA,B,806,T,Turn
933,GLN,B,807,T,Turn
934,ILE,B,808,T,Turn
935,LEU,B,809,T,Turn
936,ASP,B,810,T,Turn
937,SER,B,811,T,Turn
938,ARG,B,812,T,Turn
939,MET,B,813,T,Turn
940,ASN,B,814,T,Turn
941,THR,B,815,C,Coil
942,LYS,B,816,C,Coil
943,TYR,B,817,B,Bridge
944,ASP,B,818,T,Turn
945,GLU,B,819,T,Turn
946,ASN,B,820,T,Turn
947,ASP,B,821,T,Turn
948,LYS,B,822,C,Coil
949,LEU,B,823,B,Bridge
950,ILE,B,824,C,Coil
951,ARG,B,825,T,Turn
952,GLU,B,826,T,Turn
953,VAL,B,827,T,Turn
954,LYS,B,828,E,Strand
955,VAL,B,829,E,Strand
956,ILE,B,830,E,Strand
957,THR,B,831,E,Strand
958,LEU,B,832,C,Coil
959,LYS,B,833,C,Coil
960,SER,B,834,G,310Helix
961,LYS,B,835,G,310Helix
962,LEU,B,836,G,310Helix
963,VAL,B,837,T,Turn
964,SER,B,838,T,Turn
965,ASP,B,839,T,Turn
966,PHE,B,840,T,Turn
967,ARG,B,841,T,Turn
968,LYS,B,842,T,Turn
969,ASP,B,843,T,Turn
970,PHE,B,844,T,Turn
971,GLN,B,845,T,Turn
972,PHE,B,846,C,Coil
973,TYR,B,847,C,Coil
974,LYS,B,848,C,Coil
975,VAL,B,849,T,Turn
976,ARG,B,850,T,Turn
977,GLU,B,851,T,Turn
978,ILE,B,852,T,Turn
979,ASN,B,853,T,Turn
980,ASN,B,854,T,Turn
981,TYR,B,855,T,Turn
982,HIS,B,856,T,Turn
983,HIS,B,857,T,Turn
984,ALA,B,858,T,Turn
985,HIS,B,859,T,Turn
986,ASP,B,860,T,Turn
987,ALA,B,861,T,Turn
988,TYR,B,862,T,Turn
989,LEU,B,863,T,Turn
990,ASN,B,864,T,Turn
991,ALA,B,865,T,Turn
992,VAL,B,866,T,Turn
993,VAL,B,867,T,Turn
994,GLY,B,868,T,Turn
995,THR,B,869,T,Turn
996,ALA,B,870,T,Turn
997,LEU,B,871,T,Turn
998,ILE,B,872,T,Turn
999,LYS,B,873,T,Turn
1000,LYS,B,874,T,Turn
1001,TYR,B,875,T,Turn
1002,PRO,B,876,G,310Helix
1003,LYS,B,877,G,310Helix
1004,LEU,B,878,G,310Helix
1005,GLU,B,879,G,310Helix
1006,SER,B,880,G,310Helix
1007,GLU,B,881,G,310Helix
1008,PHE,B,882,C,Coil
1009,VAL,B,883,B,Bridge
1010,TYR,B,884,C,Coil
1011,GLY,B,885,C,Coil
1012,ASP,B,886,C,Coil
1013,TYR,B,887,C,Coil
1014,LYS,B,888,C,Coil
1015,VAL,B,889,C,Coil
1016,TYR,B,890,C,Coil
1017,ASP,B,891,C,Coil
1018,VAL,B,892,G,310Helix
1019,ARG,B,893,G,310Helix
1020,LYS,B,894,G,310Helix
1021,MET,B,895,G,310Helix
1022,ILE,B,896,B,Bridge
1023,ALA,B,897,C,Coil
1024,LYS,B,898,C,Coil
1025,SER,B,899,C,Coil
1036,TYR,B,900,C,Coil
1037,PHE,B,901,B,Bridge
1038,PHE,B,902,T,Turn
1039,TYR,B,903,T,Turn
1040,SER,B,904,T,Turn
1041,ASN,B,905,T,Turn
1042,ILE,B,906,T,Turn
1043,MET,B,907,T,Turn
1044,ASN,B,908,G,310Helix
1045,PHE,B,909,G,310Helix
1046,PHE,B,910,G,310Helix
1047,LYS,B,911,T,Turn
1048,THR,B,912,T,Turn
1049,GLU,B,913,E,Strand
1050,ILE,B,914,E,Strand
1051,THR,B,915,E,Strand
1052,LEU,B,916,T,Turn
1053,ALA,B,917,T,Turn
1054,ASN,B,918,T,Turn
1055,GLY,B,919,T,Turn
1056,GLU,B,920,C,Coil
1057,ILE,B,921,E,Strand
1058,ARG,B,922,E,Strand
1059,LYS,B,923,E,Strand
1060,ARG,B,924,C,Coil
1061,PRO,B,925,T,Turn
1062,LEU,B,926,T,Turn
1063,ILE,B,927,E,Strand
1064,GLU,B,928,E,Strand
1065,THR,B,929,E,Strand
1066,ASN,B,930,T,Turn
1067,GLY,B,931,T,Turn
1068,GLU,B,932,T,Turn
1069,THR,B,933,T,Turn
1070,GLY,B,934,T,Turn
1071,GLU,B,935,C,Coil
1072,ILE,B,936,E,Strand
1073,VAL,B,937,E,Strand
1074,TRP,B,938,E,Strand
1075,ASP,B,939,E,Strand
1076,LYS,B,940,T,Turn
1077,GLY,B,941,T,Turn
1078,ARG,B,942,T,Turn
1079,ASP,B,943,T,Turn
1080,PHE,B,944,T,Turn
1081,ALA,B,945,T,Turn
1082,THR,B,946,T,Turn
1083,VAL,B,947,T,Turn
1084,ARG,B,948,T,Turn
1085,LYS,B,949,T,Turn
1086,VAL,B,950,T,Turn
1087,LEU,B,951,T,Turn
1088,SER,B,952,T,Turn
1089,MET,B,953,T,Turn
1090,PRO,B,954,C,Coil
1091,GLN,B,955,C,Coil
1092,VAL,B,956,C,Coil
1093,ASN,B,957,E,Strand
1094,ILE,B,958,E,Strand
1095,VAL,B,959,E,Strand
1096,LYS,B,960,E,Strand
1097,LYS,B,961,C,Coil
1098,THR,B,962,C,Coil
1099,GLU,B,963,B,Bridge
1100,VAL,B,964,C,Coil
1101,GLN,B,965,B,Bridge
1102,THR,B,966,C,Coil
1137,PRO,B,967,C,Coil
1138,THR,B,968,C,Coil
1139,VAL,B,969,E,Strand
1140,ALA,B,970,E,Strand
1141,TYR,B,971,E,Strand
1142,SER,B,972,E,Strand
1143,VAL,B,973,E,Strand
1144,LEU,B,974,E,Strand
1145,VAL,B,975,E,Strand
1146,VAL,B,976,E,Strand
1147,ALA,B,977,T,Turn
1148,LYS,B,978,T,Turn
1160,VAL,B,979,T,Turn
1161,LYS,B,980,E,Strand
1162,GLU,B,981,E,Strand
1163,LEU,B,982,E,Strand
1164,LEU,B,983,E,Strand
1165,GLY,B,984,E,Strand
1166,ILE,B,985,E,Strand
1167,THR,B,986,E,Strand
1168,ILE,B,987,G,310Helix
1169,MET,B,988,G,310Helix
1170,GLU,B,989,G,310Helix
1171,ARG,B,990,T,Turn
1172,SER,B,991,T,Turn
1173,SER,B,992,T,Turn
1174,PHE,B,993,T,Turn
1175,GLU,B,994,T,Turn
1176,LYS,B,995,T,Turn
1177,ASN,B,996,T,Turn
1178,PRO,B,997,G,310Helix
1179,ILE,B,998,G,310Helix
1180,ASP,B,999,G,310Helix
1181,PHE,B,1000,T,Turn
1182,LEU,B,1001,T,Turn
1183,GLU,B,1002,T,Turn
1184,ALA,B,1003,T,Turn
1185,LYS,B,1004,T,Turn
1188,LYS,B,1005,C,Coil
1189,GLU,B,1006,C,Coil
1190,VAL,B,1007,C,Coil
1191,LYS,B,1008,T,Turn
1192,LYS,B,1009,T,Turn
1193,ASP,B,1010,T,Turn
1194,LEU,B,1011,T,Turn
1195,ILE,B,1012,T,Turn
1196,ILE,B,1013,E,Strand
1197,LYS,B,1014,E,Strand
1198,LEU,B,1015,E,Strand
1199,PRO,B,1016,T,Turn
1200,LYS,B,1017,B,Bridge
1201,TYR,B,1018,T,Turn
1202,SER,B,1019,E,Strand
1203,LEU,B,1020,E,Strand
1204,PHE,B,1021,E,Strand
1205,GLU,B,1022,E,Strand
1206,LEU,B,1023,E,Strand
1207,GLU,B,1024,T,Turn
1208,ASN,B,1025,T,Turn
1209,GLY,B,1026,T,Turn
1210,ARG,B,1027,E,Strand
1211,LYS,B,1028,E,Strand
1212,ARG,B,1029,E,Strand
1213,MET,B,1030,E,Strand
1214,LEU,B,1031,E,Strand
1215,ALA,B,1032,E,Strand
1216,SER,B,1033,E,Strand
1217,ALA,B,1034,T,Turn
1218,GLY,B,1035,T,Turn
1219,GLU,B,1036,E,Strand
1220,LEU,B,1037,E,Strand
1221,GLN,B,1038,E,Strand
1222,LYS,B,1039,E,Strand
1223,GLY,B,1040,C,Coil
1224,ASN,B,1041,C,Coil
1225,GLU,B,1042,C,Coil
1226,LEU,B,1043,C,Coil
1227,ALA,B,1044,C,Coil
1228,LEU,B,1045,C,Coil
1229,PRO,B,1046,C,Coil
1230,SER,B,1047,G,310Helix
1231,LYS,B,1048,G,310Helix
1232,TYR,B,1049,G,310Helix
1233,VAL,B,1050,T,Turn
1234,ASN,B,1051,T,Turn
1235,PHE,B,1052,T,Turn
1236,LEU,B,1053,T,Turn
1237,TYR,B,1054,T,Turn
1238,LEU,B,1055,T,Turn
1239,ALA,B,1056,T,Turn
1240,SER,B,1057,T,Turn
1241,HIS,B,1058,T,Turn
1256,GLN,B,1059,C,Coil
1257,LEU,B,1060,C,Coil
1258,PHE,B,1061,C,Coil
1259,VAL,B,1062,G,310Helix
1260,GLU,B,1063,G,310Helix
1261,GLN,B,1064,G,310Helix
1262,HIS,B,1065,C,Coil
1263,LYS,B,1066,G,310Helix
1264,HIS,B,1067,G,310Helix
1265,TYR,B,1068,G,310Helix
1266,LEU,B,1069,G,310Helix
1267,ASP,B,1070,T,Turn
1268,GLU,B,1071,T,Turn
1269,ILE,B,1072,T,Turn
1270,ILE,B,1073,T,Turn
1271,GLU,B,1074,T,Turn
1272,GLN,B,1075,T,Turn
1273,ILE,B,1076,T,Turn
1274,SER,B,1077,T,Turn
1275,GLU,B,1078,T,Turn
1276,PHE,B,1079,T,Turn
1277,SER,B,1080,T,Turn
1278,LYS,B,1081,T,Turn
1279,ARG,B,1082,T,Turn
1280,VAL,B,1083,T,Turn
1281,ILE,B,1084,T,Turn
1282,LEU,B,1085,T,Turn
1283,ALA,B,1086,T,Turn
1284,ASP,B,1087,T,Turn
1285,ALA,B,1088,T,Turn
1286,ASN,B,1089,T,Turn
1287,LEU,B,1090,T,Turn
1288,ASP,B,1091,T,Turn
1289,LYS,B,1092,T,Turn
1290,VAL,B,1093,T,Turn
1291,LEU,B,1094,T,Turn
1292,SER,B,1095,T,Turn
1293,ALA,B,1096,T,Turn
1294,TYR,B,1097,T,Turn
1295,ASN,B,1098,G,310Helix
1296,LYS,B,1099,G,310Helix
1297,HIS,B,1100,G,310Helix
1298,ARG,B,1101,T,Turn
1299,ASP,B,1102,T,Turn
1300,LYS,B,1103,T,Turn
1301,PRO,B,1104,T,Turn
1302,ILE,B,1105,T,Turn
1303,ARG,B,1106,T,Turn
1304,GLU,B,1107,T,Turn
1305,GLN,B,1108,T,Turn
1306,ALA,B,1109,T,Turn
1307,GLU,B,1110,G,310Helix
1308,ASN,B,1111,G,310Helix
1309,ILE,B,1112,G,310Helix
1310,ILE,B,1113,G,310Helix
1311,HIS,B,1114,G,310Helix
1312,LEU,B,1115,G,310Helix
1313,PHE,B,1116,G,310Helix
1314,THR,B,1117,G,310Helix
1315,LEU,B,1118,G,310Helix
1316,THR,B,1119,C,Coil
1317,ASN,B,1120,C,Coil
1318,LEU,B,1121,C,Coil
1319,GLY,B,1122,B,Bridge
1320,ALA,B,1123,C,Coil
1321,PRO,B,1124,C,Coil
1322,ALA,B,1125,C,Coil
1323,ALA,B,1126,C,Coil
1324,PHE,B,1127,E,Strand
1325,LYS,B,1128,E,Strand
1326,TYR,B,1129,E,Strand
1327,PHE,B,1130,T,Turn
1328,ASP,B,1131,T,Turn
1329,THR,B,1132,E,Strand
1330,THR,B,1133,E,Strand
1331,ILE,B,1134,E,Strand
1332,ASP,B,1135,C,Coil
1333,ARG,B,1136,C,Coil
1334,LYS,B,1137,C,Coil
1335,ARG,B,1138,C,Coil
1336,TYR,B,1139,B,Bridge
1337,THR,B,1140,C,Coil
1338,SER,B,1141,C,Coil
1339,THR,B,1142,C,Coil
1340,LYS,B,1143,G,310Helix
1341,GLU,B,1144,G,310Helix
1342,VAL,B,1145,G,310Helix
1343,LEU,B,1146,G,310Helix
1344,ASP,B,1147,G,310Helix
1345,ALA,B,1148,C,Coil
1346,THR,B,1149,E,Strand
1347,LEU,B,1150,E,Strand
1348,ILE,B,1151,E,Strand
1349,HIS,B,1152,E,Strand
1350,GLN,B,1153,E,Strand
1351,SER,B,1154,T,Turn
1352,ILE,B,1155,T,Turn
1353,THR,B,1156,T,Turn
1354,GLY,B,1157,T,Turn
1355,LEU,B,1158,T,Turn
1356,TYR,B,1159,T,Turn
1357,GLU,B,1160,E,Strand
1358,THR,B,1161,E,Strand
1359,ARG,B,1162,E,Strand
1360,ILE,B,1163,E,Strand
1361,ASP,B,1164,E,Strand
1362,LEU,B,1165,C,Coil
1363,SER,B,1166,C,Coil
