PDBResidueNum,Residue_4TZ0,Chain,OrdinalResidueNum_4TZ0,ShortSecondaryStructure_4TZ0,SecondaryStructure_4TZ0
3,LYS,A,1,C,Coil
4,LYS,A,2,C,Coil
5,TYR,A,3,C,Coil
6,SER,A,4,E,Strand
7,ILE,A,5,E,Strand
8,GLY,A,6,E,Strand
9,LEU,A,7,E,Strand
10,ASP,A,8,E,Strand
11,ILE,A,9,E,Strand
12,GLY,A,10,T,Turn
13,THR,A,11,T,Turn
14,ASN,A,12,T,Turn
15,SER,A,13,E,Strand
16,VAL,A,14,E,Strand
17,GLY,A,15,E,Strand
18,TRP,A,16,E,Strand
19,ALA,A,17,E,Strand
20,VAL,A,18,E,Strand
21,ILE,A,19,E,Strand
22,THR,A,20,T,Turn
23,ASP,A,21,T,Turn
24,ASP,A,22,T,Turn
25,TYR,A,23,T,Turn
26,LYS,A,24,C,Coil
27,VAL,A,25,C,Coil
28,PRO,A,26,C,Coil
29,SER,A,27,E,Strand
30,LYS,A,28,E,Strand
31,LYS,A,29,E,Strand
32,PHE,A,30,E,Strand
33,LYS,A,31,E,Strand
34,VAL,A,32,E,Strand
35,LEU,A,33,E,Strand
36,GLY,A,34,E,Strand
37,ASN,A,35,C,Coil
38,THR,A,36,C,Coil
39,ASP,A,37,C,Coil
40,ARG,A,38,C,Coil
41,HIS,A,39,C,Coil
42,SER,A,40,E,Strand
43,ILE,A,41,E,Strand
44,LYS,A,42,E,Strand
45,LYS,A,43,E,Strand
46,ASN,A,44,E,Strand
47,LEU,A,45,T,Turn
48,ILE,A,46,E,Strand
49,GLY,A,47,E,Strand
50,ALA,A,48,E,Strand
51,LEU,A,49,E,Strand
52,LEU,A,50,E,Strand
53,PHE,A,51,C,Coil
54,ASP,A,52,C,Coil
55,SER,A,53,C,Coil
56,GLY,A,54,C,Coil
57,GLU,A,55,C,Coil
58,THR,A,56,C,Coil
59,ALA,A,57,H,AlphaHelix
60,GLU,A,58,H,AlphaHelix
61,ALA,A,59,H,AlphaHelix
62,THR,A,60,H,AlphaHelix
63,ARG,A,61,H,AlphaHelix
64,LEU,A,62,H,AlphaHelix
65,LYS,A,63,H,AlphaHelix
66,ARG,A,64,H,AlphaHelix
67,THR,A,65,H,AlphaHelix
68,ALA,A,66,H,AlphaHelix
69,ARG,A,67,H,AlphaHelix
70,ARG,A,68,H,AlphaHelix
71,ARG,A,69,H,AlphaHelix
72,TYR,A,70,H,AlphaHelix
73,THR,A,71,H,AlphaHelix
74,ARG,A,72,H,AlphaHelix
75,ARG,A,73,H,AlphaHelix
76,LYS,A,74,H,AlphaHelix
77,ASN,A,75,H,AlphaHelix
78,ARG,A,76,H,AlphaHelix
79,ILE,A,77,H,AlphaHelix
80,CYS,A,78,H,AlphaHelix
81,TYR,A,79,H,AlphaHelix
82,LEU,A,80,H,AlphaHelix
83,GLN,A,81,H,AlphaHelix
84,GLU,A,82,H,AlphaHelix
85,ILE,A,83,H,AlphaHelix
86,PHE,A,84,H,AlphaHelix
87,SER,A,85,H,AlphaHelix
88,ASN,A,86,T,Turn
89,GLU,A,87,T,Turn
91,ALA,A,88,T,Turn
92,LYS,A,89,T,Turn
93,VAL,A,90,T,Turn
94,ASP,A,91,T,Turn
95,ASP,A,92,T,Turn
96,SER,A,93,T,Turn
97,PHE,A,94,H,AlphaHelix
98,PHE,A,95,H,AlphaHelix
99,HIS,A,96,H,AlphaHelix
100,ARG,A,97,H,AlphaHelix
101,LEU,A,98,H,AlphaHelix
102,GLU,A,99,H,AlphaHelix
103,GLU,A,100,H,AlphaHelix
104,SER,A,101,T,Turn
105,PHE,A,102,T,Turn
106,LEU,A,103,T,Turn
107,VAL,A,104,C,Coil
108,GLU,A,105,G,310Helix
109,GLU,A,106,G,310Helix
110,ASP,A,107,G,310Helix
111,LYS,A,108,C,Coil
112,LYS,A,109,C,Coil
113,HIS,A,110,C,Coil
114,GLU,A,111,C,Coil
115,ARG,A,112,C,Coil
116,HIS,A,113,T,Turn
117,PRO,A,114,T,Turn
118,ILE,A,115,T,Turn
119,PHE,A,116,T,Turn
120,GLY,A,117,T,Turn
121,ASN,A,118,C,Coil
122,ILE,A,119,H,AlphaHelix
123,VAL,A,120,H,AlphaHelix
124,ASP,A,121,H,AlphaHelix
125,GLU,A,122,H,AlphaHelix
126,VAL,A,123,H,AlphaHelix
127,ALA,A,124,H,AlphaHelix
128,TYR,A,125,H,AlphaHelix
129,HIS,A,126,H,AlphaHelix
130,GLU,A,127,H,AlphaHelix
131,LYS,A,128,H,AlphaHelix
132,TYR,A,129,T,Turn
133,PRO,A,130,T,Turn
134,THR,A,131,T,Turn
135,ILE,A,132,H,AlphaHelix
136,TYR,A,133,H,AlphaHelix
137,HIS,A,134,H,AlphaHelix
138,LEU,A,135,H,AlphaHelix
139,ARG,A,136,H,AlphaHelix
140,LYS,A,137,H,AlphaHelix
141,LYS,A,138,H,AlphaHelix
142,LEU,A,139,H,AlphaHelix
143,VAL,A,140,H,AlphaHelix
144,ASP,A,141,H,AlphaHelix
145,SER,A,142,C,Coil
146,THR,A,143,C,Coil
147,ASP,A,144,C,Coil
148,LYS,A,145,C,Coil
149,ALA,A,146,C,Coil
150,ASP,A,147,C,Coil
151,LEU,A,148,H,AlphaHelix
152,ARG,A,149,H,AlphaHelix
153,LEU,A,150,H,AlphaHelix
154,ILE,A,151,H,AlphaHelix
155,TYR,A,152,H,AlphaHelix
156,LEU,A,153,H,AlphaHelix
157,ALA,A,154,H,AlphaHelix
158,LEU,A,155,H,AlphaHelix
159,ALA,A,156,H,AlphaHelix
160,HIS,A,157,G,310Helix
162,ILE,A,158,G,310Helix
163,LYS,A,159,G,310Helix
164,PHE,A,160,C,Coil
165,ARG,A,161,C,Coil
166,GLY,A,162,C,Coil
167,HIS,A,163,B,Bridge
168,PHE,A,164,T,Turn
169,LEU,A,165,T,Turn
170,ILE,A,166,T,Turn
171,GLU,A,167,T,Turn
172,GLY,A,168,C,Coil
173,ASP,A,169,C,Coil
174,LEU,A,170,C,Coil
175,ASN,A,171,C,Coil
176,PRO,A,172,G,310Helix
177,ASP,A,173,G,310Helix
178,ASN,A,174,G,310Helix
179,SER,A,175,C,Coil
180,ASP,A,176,C,Coil
181,VAL,A,177,H,AlphaHelix
182,ASP,A,178,H,AlphaHelix
183,LYS,A,179,H,AlphaHelix
184,LEU,A,180,H,AlphaHelix
185,PHE,A,181,H,AlphaHelix
186,ILE,A,182,H,AlphaHelix
187,GLN,A,183,H,AlphaHelix
188,LEU,A,184,H,AlphaHelix
189,VAL,A,185,H,AlphaHelix
190,GLN,A,186,H,AlphaHelix
191,THR,A,187,H,AlphaHelix
192,TYR,A,188,H,AlphaHelix
193,ASN,A,189,H,AlphaHelix
194,GLN,A,190,H,AlphaHelix
195,LEU,A,191,H,AlphaHelix
196,PHE,A,192,H,AlphaHelix
197,GLU,A,193,T,Turn
198,GLU,A,194,T,Turn
199,ASN,A,195,T,Turn
200,PRO,A,196,T,Turn
201,ILE,A,197,C,Coil
202,ASN,A,198,C,Coil
203,ALA,A,199,T,Turn
204,SER,A,200,T,Turn
205,GLY,A,201,T,Turn
206,VAL,A,202,T,Turn
207,ASP,A,203,C,Coil
208,ALA,A,204,H,AlphaHelix
209,LYS,A,205,H,AlphaHelix
210,ALA,A,206,H,AlphaHelix
211,ILE,A,207,H,AlphaHelix
212,LEU,A,208,H,AlphaHelix
213,SER,A,209,H,AlphaHelix
214,ALA,A,210,C,Coil
215,ARG,A,211,C,Coil
216,LEU,A,212,C,Coil
217,SER,A,213,C,Coil
218,LYS,A,214,H,AlphaHelix
219,SER,A,215,H,AlphaHelix
220,ARG,A,216,H,AlphaHelix
221,ARG,A,217,H,AlphaHelix
222,LEU,A,218,H,AlphaHelix
223,GLU,A,219,H,AlphaHelix
224,ASN,A,220,H,AlphaHelix
225,LEU,A,221,H,AlphaHelix
226,ILE,A,222,H,AlphaHelix
227,ALA,A,223,H,AlphaHelix
228,GLN,A,224,H,AlphaHelix
229,LEU,A,225,T,Turn
230,PRO,A,226,T,Turn
231,GLY,A,227,T,Turn
232,GLU,A,228,T,Turn
233,LYS,A,229,T,Turn
234,LYS,A,230,T,Turn
235,ASN,A,231,T,Turn
236,GLY,A,232,T,Turn
237,LEU,A,233,H,AlphaHelix
238,PHE,A,234,H,AlphaHelix
239,GLY,A,235,H,AlphaHelix
240,ASN,A,236,H,AlphaHelix
241,LEU,A,237,H,AlphaHelix
242,ILE,A,238,H,AlphaHelix
243,ALA,A,239,H,AlphaHelix
244,LEU,A,240,H,AlphaHelix
245,SER,A,241,H,AlphaHelix
246,LEU,A,242,H,AlphaHelix
247,GLY,A,243,C,Coil
248,LEU,A,244,C,Coil
249,THR,A,245,C,Coil
250,PRO,A,246,C,Coil
251,ASN,A,247,B,Bridge
252,PHE,A,248,C,Coil
253,LYS,A,249,G,310Helix
254,SER,A,250,G,310Helix
255,ASN,A,251,G,310Helix
256,PHE,A,252,C,Coil
257,ASP,A,253,C,Coil
258,LEU,A,254,T,Turn
259,ALA,A,255,T,Turn
260,GLU,A,256,T,Turn
261,ASP,A,257,T,Turn
262,ALA,A,258,C,Coil
263,LYS,A,259,B,Bridge
264,LEU,A,260,C,Coil
265,GLN,A,261,T,Turn
266,LEU,A,262,T,Turn
267,SER,A,263,T,Turn
268,LYS,A,264,T,Turn
269,ASP,A,265,C,Coil
270,THR,A,266,H,AlphaHelix
271,TYR,A,267,H,AlphaHelix
272,ASP,A,268,H,AlphaHelix
273,ASP,A,269,H,AlphaHelix
274,ASP,A,270,H,AlphaHelix
275,LEU,A,271,H,AlphaHelix
276,ASP,A,272,H,AlphaHelix
277,ASN,A,273,H,AlphaHelix
278,LEU,A,274,H,AlphaHelix
279,LEU,A,275,H,AlphaHelix
280,ALA,A,276,H,AlphaHelix
281,GLN,A,277,H,AlphaHelix
282,ILE,A,278,H,AlphaHelix
283,GLY,A,279,T,Turn
284,ASP,A,280,T,Turn
285,GLN,A,281,T,Turn
286,TYR,A,282,H,AlphaHelix
287,ALA,A,283,H,AlphaHelix
288,ASP,A,284,H,AlphaHelix
289,LEU,A,285,H,AlphaHelix
290,PHE,A,286,H,AlphaHelix
291,LEU,A,287,H,AlphaHelix
292,ALA,A,288,H,AlphaHelix
293,ALA,A,289,H,AlphaHelix
294,LYS,A,290,H,AlphaHelix
295,ASN,A,291,H,AlphaHelix
296,LEU,A,292,H,AlphaHelix
297,SER,A,293,H,AlphaHelix
298,ASP,A,294,H,AlphaHelix
299,ALA,A,295,H,AlphaHelix
300,ILE,A,296,H,AlphaHelix
301,LEU,A,297,H,AlphaHelix
302,LEU,A,298,H,AlphaHelix
303,SER,A,299,H,AlphaHelix
304,ASP,A,300,H,AlphaHelix
305,ILE,A,301,H,AlphaHelix
306,LEU,A,302,T,Turn
307,ARG,A,303,T,Turn
308,VAL,A,304,T,Turn
309,ASN,A,305,T,Turn
310,THR,A,306,T,Turn
311,GLU,A,307,T,Turn
312,ILE,A,308,T,Turn
313,THR,A,309,T,Turn
314,LYS,A,310,T,Turn
315,ALA,A,311,T,Turn
316,PRO,A,312,H,AlphaHelix
317,LEU,A,313,H,AlphaHelix
318,SER,A,314,H,AlphaHelix
319,ALA,A,315,H,AlphaHelix
320,SER,A,316,H,AlphaHelix
322,ILE,A,317,H,AlphaHelix
323,LYS,A,318,H,AlphaHelix
324,ARG,A,319,H,AlphaHelix
325,TYR,A,320,H,AlphaHelix
326,ASP,A,321,H,AlphaHelix
327,GLU,A,322,H,AlphaHelix
328,HIS,A,323,H,AlphaHelix
329,HIS,A,324,H,AlphaHelix
330,GLN,A,325,H,AlphaHelix
331,ASP,A,326,H,AlphaHelix
332,LEU,A,327,H,AlphaHelix
333,THR,A,328,H,AlphaHelix
334,LEU,A,329,H,AlphaHelix
335,LEU,A,330,H,AlphaHelix
336,LYS,A,331,H,AlphaHelix
337,ALA,A,332,H,AlphaHelix
338,LEU,A,333,H,AlphaHelix
339,VAL,A,334,H,AlphaHelix
340,ARG,A,335,H,AlphaHelix
341,GLN,A,336,H,AlphaHelix
342,GLN,A,337,H,AlphaHelix
343,LEU,A,338,C,Coil
344,PRO,A,339,T,Turn
345,GLU,A,340,T,Turn
346,LYS,A,341,T,Turn
347,TYR,A,342,H,AlphaHelix
348,LYS,A,343,H,AlphaHelix
349,GLU,A,344,H,AlphaHelix
350,ILE,A,345,H,AlphaHelix
351,PHE,A,346,H,AlphaHelix
352,PHE,A,347,H,AlphaHelix
353,ASP,A,348,T,Turn
354,GLN,A,349,T,Turn
355,SER,A,350,T,Turn
356,LYS,A,351,T,Turn
357,ASN,A,352,T,Turn
358,GLY,A,353,C,Coil
359,TYR,A,354,H,AlphaHelix
360,ALA,A,355,H,AlphaHelix
361,GLY,A,356,H,AlphaHelix
362,TYR,A,357,H,AlphaHelix
363,ILE,A,358,H,AlphaHelix
364,ASP,A,359,H,AlphaHelix
365,GLY,A,360,C,Coil
366,GLY,A,361,C,Coil
367,ALA,A,362,C,Coil
368,SER,A,363,C,Coil
369,GLN,A,364,H,AlphaHelix
370,GLU,A,365,H,AlphaHelix
371,GLU,A,366,H,AlphaHelix
372,PHE,A,367,H,AlphaHelix
373,TYR,A,368,H,AlphaHelix
374,LYS,A,369,H,AlphaHelix
375,PHE,A,370,H,AlphaHelix
376,ILE,A,371,H,AlphaHelix
377,LYS,A,372,H,AlphaHelix
378,PRO,A,373,H,AlphaHelix
379,ILE,A,374,H,AlphaHelix
380,LEU,A,375,H,AlphaHelix
381,GLU,A,376,H,AlphaHelix
382,LYS,A,377,H,AlphaHelix
384,ASP,A,378,C,Coil
385,GLY,A,379,C,Coil
386,THR,A,380,T,Turn
387,GLU,A,381,T,Turn
388,GLU,A,382,T,Turn
389,LEU,A,383,H,AlphaHelix
390,LEU,A,384,H,AlphaHelix
391,VAL,A,385,H,AlphaHelix
392,LYS,A,386,H,AlphaHelix
393,LEU,A,387,H,AlphaHelix
394,ASN,A,388,H,AlphaHelix
395,ARG,A,389,H,AlphaHelix
396,GLU,A,390,C,Coil
397,ASP,A,391,T,Turn
398,LEU,A,392,T,Turn
399,LEU,A,393,T,Turn
400,ARG,A,394,T,Turn
401,LYS,A,395,T,Turn
402,GLN,A,396,T,Turn
403,ARG,A,397,T,Turn
404,THR,A,398,T,Turn
405,PHE,A,399,T,Turn
406,ASP,A,400,T,Turn
407,ASN,A,401,G,310Helix
408,GLY,A,402,G,310Helix
409,SER,A,403,G,310Helix
410,ILE,A,404,C,Coil
411,PRO,A,405,B,Bridge
412,HIS,A,406,H,AlphaHelix
413,GLN,A,407,H,AlphaHelix
414,ILE,A,408,H,AlphaHelix
415,HIS,A,409,H,AlphaHelix
416,LEU,A,410,H,AlphaHelix
417,GLY,A,411,H,AlphaHelix
418,GLU,A,412,H,AlphaHelix
419,LEU,A,413,H,AlphaHelix
420,HIS,A,414,H,AlphaHelix
421,ALA,A,415,H,AlphaHelix
422,ILE,A,416,H,AlphaHelix
423,LEU,A,417,H,AlphaHelix
424,ARG,A,418,H,AlphaHelix
425,ARG,A,419,H,AlphaHelix
426,GLN,A,420,H,AlphaHelix
427,GLU,A,421,T,Turn
428,ASP,A,422,T,Turn
429,PHE,A,423,T,Turn
430,TYR,A,424,T,Turn
431,PRO,A,425,H,AlphaHelix
432,PHE,A,426,H,AlphaHelix
433,LEU,A,427,H,AlphaHelix
434,LYS,A,428,H,AlphaHelix
435,ASP,A,429,H,AlphaHelix
436,ASN,A,430,H,AlphaHelix
437,ARG,A,431,H,AlphaHelix
438,GLU,A,432,H,AlphaHelix
439,LYS,A,433,H,AlphaHelix
440,ILE,A,434,H,AlphaHelix
441,GLU,A,435,H,AlphaHelix
442,LYS,A,436,H,AlphaHelix
443,ILE,A,437,H,AlphaHelix
444,LEU,A,438,H,AlphaHelix
445,THR,A,439,H,AlphaHelix
446,PHE,A,440,C,Coil
447,ARG,A,441,C,Coil
448,ILE,A,442,C,Coil
449,PRO,A,443,T,Turn
450,TYR,A,444,T,Turn
451,TYR,A,445,T,Turn
452,VAL,A,446,T,Turn
453,GLY,A,447,T,Turn
454,PRO,A,448,T,Turn
455,LEU,A,449,T,Turn
456,ALA,A,450,T,Turn
457,ARG,A,451,T,Turn
458,GLY,A,452,T,Turn
459,ASN,A,453,T,Turn
460,SER,A,454,T,Turn
461,ARG,A,455,T,Turn
462,PHE,A,456,T,Turn
463,ALA,A,457,T,Turn
464,TRP,A,458,C,Coil
466,THR,A,459,C,Coil
467,ARG,A,460,B,Bridge
468,LYS,A,461,C,Coil
469,SER,A,462,C,Coil
470,GLU,A,463,C,Coil
471,GLU,A,464,C,Coil
472,THR,A,465,C,Coil
473,ILE,A,466,C,Coil
474,THR,A,467,T,Turn
475,PRO,A,468,T,Turn
476,TRP,A,469,T,Turn
477,ASN,A,470,T,Turn
478,PHE,A,471,T,Turn
479,GLU,A,472,T,Turn
480,GLU,A,473,T,Turn
481,VAL,A,474,T,Turn
482,VAL,A,475,B,Bridge
483,ASP,A,476,C,Coil
484,LYS,A,477,H,AlphaHelix
485,GLY,A,478,H,AlphaHelix
486,ALA,A,479,H,AlphaHelix
487,SER,A,480,H,AlphaHelix
488,ALA,A,481,H,AlphaHelix
489,GLN,A,482,H,AlphaHelix
490,SER,A,483,H,AlphaHelix
491,PHE,A,484,H,AlphaHelix
492,ILE,A,485,H,AlphaHelix
493,GLU,A,486,H,AlphaHelix
494,ARG,A,487,H,AlphaHelix
496,THR,A,488,C,Coil
497,ASN,A,489,C,Coil
498,PHE,A,490,B,Bridge
499,ASP,A,491,T,Turn
500,LYS,A,492,T,Turn
501,ASN,A,493,T,Turn
502,LEU,A,494,T,Turn
503,PRO,A,495,T,Turn
504,ASN,A,496,T,Turn
505,GLU,A,497,T,Turn
506,LYS,A,498,B,Bridge
507,VAL,A,499,E,Strand
508,LEU,A,500,E,Strand
509,PRO,A,501,E,Strand
510,LYS,A,502,T,Turn
511,HIS,A,503,T,Turn
512,SER,A,504,T,Turn
513,LEU,A,505,H,AlphaHelix
514,LEU,A,506,H,AlphaHelix
515,TYR,A,507,H,AlphaHelix
516,GLU,A,508,H,AlphaHelix
517,TYR,A,509,H,AlphaHelix
518,PHE,A,510,H,AlphaHelix
519,THR,A,511,H,AlphaHelix
520,VAL,A,512,H,AlphaHelix
521,TYR,A,513,H,AlphaHelix
522,ASN,A,514,H,AlphaHelix
523,GLU,A,515,H,AlphaHelix
524,LEU,A,516,H,AlphaHelix
525,THR,A,517,H,AlphaHelix
526,LYS,A,518,C,Coil
527,VAL,A,519,C,Coil
528,LYS,A,520,E,Strand
529,TYR,A,521,E,Strand
530,VAL,A,522,E,Strand
531,THR,A,523,C,Coil
532,GLU,A,524,C,Coil
533,GLY,A,525,C,Coil
535,ARG,A,526,C,Coil
536,LYS,A,527,C,Coil
537,PRO,A,528,C,Coil
538,ALA,A,529,E,Strand
539,PHE,A,530,E,Strand
540,LEU,A,531,C,Coil
541,SER,A,532,C,Coil
542,GLY,A,533,H,AlphaHelix
543,GLU,A,534,H,AlphaHelix
544,GLN,A,535,H,AlphaHelix
545,LYS,A,536,H,AlphaHelix
546,LYS,A,537,H,AlphaHelix
547,ALA,A,538,H,AlphaHelix
548,ILE,A,539,H,AlphaHelix
549,VAL,A,540,H,AlphaHelix
550,ASP,A,541,H,AlphaHelix
551,LEU,A,542,H,AlphaHelix
552,LEU,A,543,H,AlphaHelix
553,PHE,A,544,T,Turn
554,LYS,A,545,T,Turn
555,THR,A,546,T,Turn
556,ASN,A,547,T,Turn
557,ARG,A,548,T,Turn
558,LYS,A,549,T,Turn
559,VAL,A,550,E,Strand
560,THR,A,551,E,Strand
561,VAL,A,552,H,AlphaHelix
562,LYS,A,553,H,AlphaHelix
563,GLN,A,554,H,AlphaHelix
564,LEU,A,555,H,AlphaHelix
565,LYS,A,556,H,AlphaHelix
566,GLU,A,557,H,AlphaHelix
567,ASP,A,558,H,AlphaHelix
568,TYR,A,559,T,Turn
569,PHE,A,560,T,Turn
570,LYS,A,561,T,Turn
571,LYS,A,562,T,Turn
572,ILE,A,563,T,Turn
573,GLU,A,564,T,Turn
574,CYS,A,565,T,Turn
575,PHE,A,566,T,Turn
576,ASP,A,567,T,Turn
577,SER,A,568,T,Turn
578,VAL,A,569,T,Turn
579,GLU,A,570,E,Strand
580,ILE,A,571,E,Strand
581,SER,A,572,T,Turn
582,GLY,A,573,T,Turn
583,VAL,A,574,T,Turn
584,GLU,A,575,T,Turn
585,ASP,A,576,T,Turn
586,ARG,A,577,E,Strand
587,PHE,A,578,E,Strand
588,ASN,A,579,C,Coil
589,ALA,A,580,C,Coil
590,SER,A,581,C,Coil
591,LEU,A,582,C,Coil
592,GLY,A,583,H,AlphaHelix
593,THR,A,584,H,AlphaHelix
594,TYR,A,585,H,AlphaHelix
595,HIS,A,586,H,AlphaHelix
596,ASP,A,587,H,AlphaHelix
597,LEU,A,588,H,AlphaHelix
598,LEU,A,589,H,AlphaHelix
599,LYS,A,590,H,AlphaHelix
600,ILE,A,591,H,AlphaHelix
601,ILE,A,592,H,AlphaHelix
602,LYS,A,593,C,Coil
603,ASP,A,594,C,Coil
604,LYS,A,595,G,310Helix
605,ASP,A,596,G,310Helix
606,PHE,A,597,G,310Helix
607,LEU,A,598,G,310Helix
608,ASP,A,599,C,Coil
609,ASN,A,600,T,Turn
610,GLU,A,601,T,Turn
611,GLU,A,602,T,Turn
612,ASN,A,603,H,AlphaHelix
613,GLU,A,604,H,AlphaHelix
614,ASP,A,605,H,AlphaHelix
615,ILE,A,606,H,AlphaHelix
616,LEU,A,607,H,AlphaHelix
617,GLU,A,608,H,AlphaHelix
618,ASP,A,609,H,AlphaHelix
619,ILE,A,610,H,AlphaHelix
620,VAL,A,611,H,AlphaHelix
621,LEU,A,612,H,AlphaHelix
622,THR,A,613,H,AlphaHelix
623,LEU,A,614,H,AlphaHelix
624,THR,A,615,H,AlphaHelix
625,LEU,A,616,H,AlphaHelix
626,PHE,A,617,C,Coil
627,GLU,A,618,C,Coil
628,ASP,A,619,C,Coil
629,ARG,A,620,C,Coil
630,GLU,A,621,G,310Helix
632,ILE,A,622,G,310Helix
633,GLU,A,623,G,310Helix
634,GLU,A,624,G,310Helix
635,ARG,A,625,G,310Helix
636,LEU,A,626,C,Coil
637,LYS,A,627,G,310Helix
638,THR,A,628,G,310Helix
639,TYR,A,629,G,310Helix
640,ALA,A,630,T,Turn
641,HIS,A,631,T,Turn
642,LEU,A,632,T,Turn
643,PHE,A,633,T,Turn
644,ASP,A,634,T,Turn
645,ASP,A,635,T,Turn
646,LYS,A,636,T,Turn
647,VAL,A,637,G,310Helix
649,LYS,A,638,G,310Helix
650,GLN,A,639,G,310Helix
651,LEU,A,640,G,310Helix
652,LYS,A,641,G,310Helix
653,ARG,A,642,G,310Helix
654,ARG,A,643,C,Coil
655,ARG,A,644,C,Coil
656,TYR,A,645,C,Coil
657,THR,A,646,C,Coil
658,GLY,A,647,C,Coil
659,TRP,A,648,E,Strand
660,GLY,A,649,E,Strand
661,ARG,A,650,E,Strand
662,LEU,A,651,E,Strand
663,SER,A,652,E,Strand
664,ARG,A,653,H,AlphaHelix
665,LYS,A,654,H,AlphaHelix
666,LEU,A,655,H,AlphaHelix
667,ILE,A,656,H,AlphaHelix
668,ASN,A,657,H,AlphaHelix
669,GLY,A,658,C,Coil
670,ILE,A,659,C,Coil
671,ARG,A,660,B,Bridge
672,ASP,A,661,T,Turn
673,LYS,A,662,T,Turn
674,GLN,A,663,T,Turn
675,SER,A,664,T,Turn
676,GLY,A,665,T,Turn
677,LYS,A,666,C,Coil
678,THR,A,667,B,Bridge
679,ILE,A,668,H,AlphaHelix
680,LEU,A,669,H,AlphaHelix
681,ASP,A,670,H,AlphaHelix
682,PHE,A,671,H,AlphaHelix
683,LEU,A,672,H,AlphaHelix
684,LYS,A,673,H,AlphaHelix
685,SER,A,674,C,Coil
686,ASP,A,675,T,Turn
687,GLY,A,676,T,Turn
688,PHE,A,677,T,Turn
689,ALA,A,678,T,Turn
690,ASN,A,679,T,Turn
691,ARG,A,680,C,Coil
692,ASN,A,681,C,Coil
693,PHE,A,682,G,310Helix
695,GLN,A,683,G,310Helix
696,LEU,A,684,G,310Helix
697,ILE,A,685,T,Turn
698,HIS,A,686,T,Turn
699,ASP,A,687,T,Turn
700,ASP,A,688,T,Turn
701,SER,A,689,T,Turn
702,LEU,A,690,T,Turn
703,THR,A,691,H,AlphaHelix
704,PHE,A,692,H,AlphaHelix
705,LYS,A,693,H,AlphaHelix
706,GLU,A,694,H,AlphaHelix
707,ASP,A,695,H,AlphaHelix
708,ILE,A,696,H,AlphaHelix
709,GLN,A,697,H,AlphaHelix
710,LYS,A,698,H,AlphaHelix
711,ALA,A,699,H,AlphaHelix
712,GLN,A,700,C,Coil
713,VAL,A,701,C,Coil
714,SER,A,702,C,Coil
715,GLY,A,703,C,Coil
716,GLN,A,704,C,Coil
717,GLY,A,705,C,Coil
718,ASP,A,706,C,Coil
719,SER,A,707,C,Coil
720,LEU,A,708,H,AlphaHelix
721,HIS,A,709,H,AlphaHelix
722,GLU,A,710,H,AlphaHelix
723,HIS,A,711,H,AlphaHelix
724,ILE,A,712,H,AlphaHelix
725,ALA,A,713,H,AlphaHelix
726,ASN,A,714,H,AlphaHelix
727,LEU,A,715,C,Coil
728,ALA,A,716,C,Coil
729,GLY,A,717,C,Coil
730,SER,A,718,C,Coil
731,PRO,A,719,H,AlphaHelix
732,ALA,A,720,H,AlphaHelix
733,ILE,A,721,H,AlphaHelix
734,LYS,A,722,H,AlphaHelix
735,LYS,A,723,H,AlphaHelix
736,GLY,A,724,H,AlphaHelix
737,ILE,A,725,H,AlphaHelix
738,LEU,A,726,H,AlphaHelix
739,GLN,A,727,H,AlphaHelix
740,THR,A,728,H,AlphaHelix
741,VAL,A,729,H,AlphaHelix
742,LYS,A,730,H,AlphaHelix
743,VAL,A,731,H,AlphaHelix
744,VAL,A,732,H,AlphaHelix
745,ASP,A,733,H,AlphaHelix
746,GLU,A,734,H,AlphaHelix
747,LEU,A,735,H,AlphaHelix
748,VAL,A,736,H,AlphaHelix
749,LYS,A,737,H,AlphaHelix
750,VAL,A,738,H,AlphaHelix
752,GLY,A,739,C,Coil
753,ARG,A,740,C,Coil
754,HIS,A,741,C,Coil
755,LYS,A,742,C,Coil
756,PRO,A,743,T,Turn
757,GLU,A,744,T,Turn
758,ASN,A,745,E,Strand
759,ILE,A,746,E,Strand
760,VAL,A,747,E,Strand
761,ILE,A,748,E,Strand
762,GLU,A,749,E,Strand
764,ALA,A,750,C,Coil
765,ARG,A,751,C,Coil
766,GLU,A,752,C,Coil
767,ASN,A,753,C,Coil
768,GLN,A,754,C,Coil
769,THR,A,755,C,Coil
770,THR,A,756,C,Coil
771,GLN,A,757,H,AlphaHelix
772,LYS,A,758,H,AlphaHelix
773,GLY,A,759,H,AlphaHelix
774,GLN,A,760,H,AlphaHelix
775,LYS,A,761,H,AlphaHelix
776,ASN,A,762,H,AlphaHelix
777,SER,A,763,H,AlphaHelix
778,ARG,A,764,H,AlphaHelix
779,GLU,A,765,H,AlphaHelix
780,ARG,A,766,H,AlphaHelix
782,LYS,A,767,H,AlphaHelix
783,ARG,A,768,H,AlphaHelix
784,ILE,A,769,H,AlphaHelix
785,GLU,A,770,H,AlphaHelix
786,GLU,A,771,H,AlphaHelix
787,GLY,A,772,H,AlphaHelix
788,ILE,A,773,H,AlphaHelix
789,LYS,A,774,H,AlphaHelix
790,GLU,A,775,H,AlphaHelix
791,LEU,A,776,H,AlphaHelix
792,GLY,A,777,C,Coil
793,SER,A,778,T,Turn
794,GLN,A,779,T,Turn
795,ILE,A,780,H,AlphaHelix
796,LEU,A,781,H,AlphaHelix
797,LYS,A,782,H,AlphaHelix
798,GLU,A,783,H,AlphaHelix
799,HIS,A,784,C,Coil
800,PRO,A,785,C,Coil
801,VAL,A,786,C,Coil
802,GLU,A,787,T,Turn
803,ASN,A,788,T,Turn
804,THR,A,789,T,Turn
805,GLN,A,790,T,Turn
806,LEU,A,791,T,Turn
807,GLN,A,792,T,Turn
808,ASN,A,793,T,Turn
809,GLU,A,794,H,AlphaHelix
810,LYS,A,795,H,AlphaHelix
811,LEU,A,796,H,AlphaHelix
812,TYR,A,797,H,AlphaHelix
813,LEU,A,798,H,AlphaHelix
814,TYR,A,799,H,AlphaHelix
815,TYR,A,800,H,AlphaHelix
816,LEU,A,801,H,AlphaHelix
817,GLN,A,802,H,AlphaHelix
818,ASN,A,803,T,Turn
819,GLY,A,804,T,Turn
820,ARG,A,805,B,Bridge
821,ASP,A,806,T,Turn
823,TYR,A,807,T,Turn
824,VAL,A,808,T,Turn
825,ASP,A,809,T,Turn
826,GLN,A,810,C,Coil
827,GLU,A,811,B,Bridge
828,LEU,A,812,C,Coil
829,ASP,A,813,T,Turn
830,ILE,A,814,T,Turn
831,ASN,A,815,T,Turn
832,ARG,A,816,T,Turn
833,LEU,A,817,G,310Helix
834,SER,A,818,G,310Helix
835,ASP,A,819,G,310Helix
836,TYR,A,820,C,Coil
837,ASP,A,821,E,Strand
838,VAL,A,822,E,Strand
839,ASP,A,823,E,Strand
840,HIS,A,824,E,Strand
841,ILE,A,825,T,Turn
842,VAL,A,826,T,Turn
843,PRO,A,827,T,Turn
844,GLN,A,828,T,Turn
845,SER,A,829,T,Turn
846,PHE,A,830,T,Turn
847,LEU,A,831,T,Turn
848,LYS,A,832,C,Coil
849,ASP,A,833,C,Coil
850,ASP,A,834,C,Coil
851,SER,A,835,C,Coil
852,ILE,A,836,G,310Helix
853,ASP,A,837,G,310Helix
854,ASN,A,838,G,310Helix
855,LYS,A,839,E,Strand
856,VAL,A,840,E,Strand
857,LEU,A,841,E,Strand
858,THR,A,842,E,Strand
859,ARG,A,843,T,Turn
860,SER,A,844,T,Turn
861,ASP,A,845,T,Turn
862,LYS,A,846,T,Turn
863,ASN,A,847,T,Turn
864,ARG,A,848,T,Turn
865,GLY,A,849,T,Turn
866,LYS,A,850,C,Coil
867,SER,A,851,C,Coil
868,ASP,A,852,C,Coil
869,ASN,A,853,C,Coil
870,VAL,A,854,C,Coil
871,PRO,A,855,C,Coil
872,SER,A,856,C,Coil
873,GLU,A,857,H,AlphaHelix
874,GLU,A,858,H,AlphaHelix
875,VAL,A,859,H,AlphaHelix
876,VAL,A,860,H,AlphaHelix
877,LYS,A,861,H,AlphaHelix
878,LYS,A,862,H,AlphaHelix
880,LYS,A,863,H,AlphaHelix
881,ASN,A,864,H,AlphaHelix
882,TYR,A,865,H,AlphaHelix
883,TRP,A,866,H,AlphaHelix
884,ARG,A,867,H,AlphaHelix
885,GLN,A,868,H,AlphaHelix
886,LEU,A,869,H,AlphaHelix
887,LEU,A,870,H,AlphaHelix
888,ASN,A,871,H,AlphaHelix
889,ALA,A,872,H,AlphaHelix
890,LYS,A,873,T,Turn
891,LEU,A,874,T,Turn
892,ILE,A,875,T,Turn
893,THR,A,876,T,Turn
894,GLN,A,877,H,AlphaHelix
895,ARG,A,878,H,AlphaHelix
896,LYS,A,879,H,AlphaHelix
897,PHE,A,880,H,AlphaHelix
898,ASP,A,881,H,AlphaHelix
899,ASN,A,882,H,AlphaHelix
900,LEU,A,883,H,AlphaHelix
901,THR,A,884,H,AlphaHelix
902,LYS,A,885,C,Coil
903,ALA,A,886,G,310Helix
904,GLU,A,887,G,310Helix
905,ARG,A,888,G,310Helix
906,GLY,A,889,C,Coil
907,GLY,A,890,C,Coil
908,LEU,A,891,C,Coil
909,SER,A,892,C,Coil
910,GLU,A,893,H,AlphaHelix
911,LEU,A,894,H,AlphaHelix
912,ASP,A,895,H,AlphaHelix
913,LYS,A,896,H,AlphaHelix
914,ALA,A,897,H,AlphaHelix
915,GLY,A,898,H,AlphaHelix
916,PHE,A,899,H,AlphaHelix
917,ILE,A,900,H,AlphaHelix
918,LYS,A,901,H,AlphaHelix
919,ARG,A,902,H,AlphaHelix
920,GLN,A,903,H,AlphaHelix
921,LEU,A,904,H,AlphaHelix
922,VAL,A,905,C,Coil
923,GLU,A,906,C,Coil
924,THR,A,907,C,Coil
925,ARG,A,908,C,Coil
926,GLN,A,909,H,AlphaHelix
927,ILE,A,910,H,AlphaHelix
928,THR,A,911,H,AlphaHelix
929,LYS,A,912,H,AlphaHelix
930,HIS,A,913,H,AlphaHelix
931,VAL,A,914,H,AlphaHelix
932,ALA,A,915,H,AlphaHelix
933,GLN,A,916,H,AlphaHelix
934,ILE,A,917,H,AlphaHelix
935,LEU,A,918,H,AlphaHelix
936,ASP,A,919,H,AlphaHelix
937,SER,A,920,H,AlphaHelix
938,ARG,A,921,H,AlphaHelix
940,ASN,A,922,C,Coil
941,THR,A,923,C,Coil
942,LYS,A,924,C,Coil
943,TYR,A,925,B,Bridge
944,ASP,A,926,T,Turn
945,GLU,A,927,T,Turn
946,ASN,A,928,T,Turn
947,ASP,A,929,T,Turn
948,LYS,A,930,C,Coil
949,LEU,A,931,B,Bridge
950,ILE,A,932,C,Coil
951,ARG,A,933,T,Turn
952,GLU,A,934,T,Turn
953,VAL,A,935,T,Turn
954,LYS,A,936,E,Strand
955,VAL,A,937,E,Strand
956,ILE,A,938,E,Strand
957,THR,A,939,E,Strand
958,LEU,A,940,C,Coil
959,LYS,A,941,C,Coil
960,SER,A,942,H,AlphaHelix
961,LYS,A,943,H,AlphaHelix
962,LEU,A,944,H,AlphaHelix
963,VAL,A,945,H,AlphaHelix
964,SER,A,946,H,AlphaHelix
965,ASP,A,947,H,AlphaHelix
966,PHE,A,948,H,AlphaHelix
967,ARG,A,949,H,AlphaHelix
968,LYS,A,950,H,AlphaHelix
969,ASP,A,951,H,AlphaHelix
970,PHE,A,952,H,AlphaHelix
971,GLN,A,953,C,Coil
972,PHE,A,954,C,Coil
973,TYR,A,955,C,Coil
974,LYS,A,956,C,Coil
975,VAL,A,957,T,Turn
976,ARG,A,958,T,Turn
977,GLU,A,959,T,Turn
978,ILE,A,960,T,Turn
979,ASN,A,961,T,Turn
980,ASN,A,962,H,AlphaHelix
981,TYR,A,963,H,AlphaHelix
982,HIS,A,964,H,AlphaHelix
983,HIS,A,965,H,AlphaHelix
984,ALA,A,966,H,AlphaHelix
985,HIS,A,967,H,AlphaHelix
986,ASP,A,968,H,AlphaHelix
987,ALA,A,969,H,AlphaHelix
988,TYR,A,970,H,AlphaHelix
989,LEU,A,971,H,AlphaHelix
990,ASN,A,972,H,AlphaHelix
991,ALA,A,973,H,AlphaHelix
992,VAL,A,974,H,AlphaHelix
993,VAL,A,975,H,AlphaHelix
994,GLY,A,976,H,AlphaHelix
995,THR,A,977,H,AlphaHelix
996,ALA,A,978,H,AlphaHelix
997,LEU,A,979,H,AlphaHelix
998,ILE,A,980,H,AlphaHelix
999,LYS,A,981,H,AlphaHelix
1000,LYS,A,982,H,AlphaHelix
1001,TYR,A,983,C,Coil
1002,PRO,A,984,G,310Helix
1003,LYS,A,985,G,310Helix
1004,LEU,A,986,G,310Helix
1005,GLU,A,987,G,310Helix
1006,SER,A,988,G,310Helix
1007,GLU,A,989,G,310Helix
1008,PHE,A,990,C,Coil
1009,VAL,A,991,B,Bridge
1010,TYR,A,992,C,Coil
1011,GLY,A,993,C,Coil
1012,ASP,A,994,C,Coil
1013,TYR,A,995,C,Coil
1014,LYS,A,996,C,Coil
1015,VAL,A,997,C,Coil
1016,TYR,A,998,C,Coil
1017,ASP,A,999,T,Turn
1018,VAL,A,1000,T,Turn
1019,ARG,A,1001,T,Turn
1020,LYS,A,1002,T,Turn
1022,ILE,A,1003,T,Turn
1023,ALA,A,1004,C,Coil
1024,LYS,A,1005,C,Coil
1025,SER,A,1006,C,Coil
1026,GLU,A,1007,C,Coil
1027,GLN,A,1008,T,Turn
1028,GLU,A,1009,T,Turn
1029,ILE,A,1010,T,Turn
1030,GLY,A,1011,T,Turn
1031,LYS,A,1012,T,Turn
1032,ALA,A,1013,T,Turn
1033,THR,A,1014,T,Turn
1034,ALA,A,1015,C,Coil
1035,LYS,A,1016,C,Coil
1036,TYR,A,1017,C,Coil
1037,PHE,A,1018,T,Turn
1038,PHE,A,1019,T,Turn
1039,TYR,A,1020,T,Turn
1040,SER,A,1021,T,Turn
1041,ASN,A,1022,C,Coil
1042,ILE,A,1023,C,Coil
1044,ASN,A,1024,T,Turn
1045,PHE,A,1025,T,Turn
1046,PHE,A,1026,T,Turn
1047,LYS,A,1027,T,Turn
1048,THR,A,1028,T,Turn
1049,GLU,A,1029,E,Strand
1050,ILE,A,1030,E,Strand
1051,THR,A,1031,E,Strand
1052,LEU,A,1032,T,Turn
1053,ALA,A,1033,T,Turn
1054,ASN,A,1034,T,Turn
1055,GLY,A,1035,T,Turn
1056,GLU,A,1036,C,Coil
1057,ILE,A,1037,E,Strand
1058,ARG,A,1038,E,Strand
1059,LYS,A,1039,E,Strand
1060,ARG,A,1040,C,Coil
1061,PRO,A,1041,T,Turn
1062,LEU,A,1042,T,Turn
1063,ILE,A,1043,E,Strand
1064,GLU,A,1044,E,Strand
1065,THR,A,1045,E,Strand
1066,ASN,A,1046,E,Strand
1067,GLY,A,1047,T,Turn
1068,GLU,A,1048,T,Turn
1069,THR,A,1049,T,Turn
1070,GLY,A,1050,T,Turn
1071,GLU,A,1051,E,Strand
1072,ILE,A,1052,E,Strand
1073,VAL,A,1053,E,Strand
1074,TRP,A,1054,E,Strand
1075,ASP,A,1055,E,Strand
1076,LYS,A,1056,C,Coil
1077,GLY,A,1057,H,AlphaHelix
1078,ARG,A,1058,H,AlphaHelix
1079,ASP,A,1059,H,AlphaHelix
1080,PHE,A,1060,H,AlphaHelix
1081,ALA,A,1061,H,AlphaHelix
1082,THR,A,1062,H,AlphaHelix
1083,VAL,A,1063,H,AlphaHelix
1084,ARG,A,1064,H,AlphaHelix
1085,LYS,A,1065,H,AlphaHelix
1086,VAL,A,1066,H,AlphaHelix
1087,LEU,A,1067,H,AlphaHelix
1088,SER,A,1068,H,AlphaHelix
1090,PRO,A,1069,C,Coil
1091,GLN,A,1070,C,Coil
1092,VAL,A,1071,C,Coil
1093,ASN,A,1072,E,Strand
1094,ILE,A,1073,E,Strand
1095,VAL,A,1074,E,Strand
1096,LYS,A,1075,E,Strand
1097,LYS,A,1076,C,Coil
1098,THR,A,1077,C,Coil
1099,GLU,A,1078,B,Bridge
1100,VAL,A,1079,C,Coil
1101,GLN,A,1080,C,Coil
1102,THR,A,1081,C,Coil
1103,GLY,A,1082,C,Coil
1104,GLY,A,1083,C,Coil
1105,PHE,A,1084,C,Coil
1106,SER,A,1085,E,Strand
1107,LYS,A,1086,E,Strand
1108,GLU,A,1087,C,Coil
1109,SER,A,1088,C,Coil
1110,ILE,A,1089,C,Coil
1111,LEU,A,1090,B,Bridge
1112,PRO,A,1091,C,Coil
1113,LYS,A,1092,C,Coil
1114,ARG,A,1093,C,Coil
1115,ASN,A,1094,C,Coil
1116,SER,A,1095,T,Turn
1117,ASP,A,1096,T,Turn
1118,LYS,A,1097,T,Turn
1119,LEU,A,1098,T,Turn
1120,ILE,A,1099,E,Strand
1121,ALA,A,1100,E,Strand
1122,ARG,A,1101,T,Turn
1123,LYS,A,1102,B,Bridge
1124,LYS,A,1103,T,Turn
1125,ASP,A,1104,T,Turn
1126,TRP,A,1105,B,Bridge
1127,ASP,A,1106,C,Coil
1128,PRO,A,1107,H,AlphaHelix
1129,LYS,A,1108,H,AlphaHelix
1130,LYS,A,1109,H,AlphaHelix
1131,TYR,A,1110,H,AlphaHelix
1132,GLY,A,1111,C,Coil
1133,GLY,A,1112,E,Strand
1134,PHE,A,1113,E,Strand
1135,ASP,A,1114,E,Strand
1136,SER,A,1115,E,Strand
1137,PRO,A,1116,E,Strand
1138,THR,A,1117,C,Coil
1139,VAL,A,1118,E,Strand
1140,ALA,A,1119,E,Strand
1141,TYR,A,1120,E,Strand
1142,SER,A,1121,E,Strand
1143,VAL,A,1122,E,Strand
1144,LEU,A,1123,E,Strand
1145,VAL,A,1124,E,Strand
1146,VAL,A,1125,E,Strand
1147,ALA,A,1126,E,Strand
1148,LYS,A,1127,E,Strand
1149,VAL,A,1128,E,Strand
1150,GLU,A,1129,E,Strand
1151,LYS,A,1130,E,Strand
1152,GLY,A,1131,T,Turn
1153,LYS,A,1132,T,Turn
1154,SER,A,1133,T,Turn
1155,LYS,A,1134,T,Turn
1156,LYS,A,1135,E,Strand
1157,LEU,A,1136,E,Strand
1158,LYS,A,1137,E,Strand
1159,SER,A,1138,E,Strand
1160,VAL,A,1139,E,Strand
1161,LYS,A,1140,E,Strand
1162,GLU,A,1141,E,Strand
1163,LEU,A,1142,E,Strand
1164,LEU,A,1143,E,Strand
1165,GLY,A,1144,E,Strand
1166,ILE,A,1145,E,Strand
1167,THR,A,1146,E,Strand
1168,ILE,A,1147,T,Turn
1170,GLU,A,1148,H,AlphaHelix
1171,ARG,A,1149,H,AlphaHelix
1172,SER,A,1150,H,AlphaHelix
1173,SER,A,1151,H,AlphaHelix
1174,PHE,A,1152,H,AlphaHelix
1175,GLU,A,1153,H,AlphaHelix
1176,LYS,A,1154,H,AlphaHelix
1177,ASN,A,1155,C,Coil
1178,PRO,A,1156,H,AlphaHelix
1179,ILE,A,1157,H,AlphaHelix
1180,ASP,A,1158,H,AlphaHelix
1181,PHE,A,1159,H,AlphaHelix
1182,LEU,A,1160,H,AlphaHelix
1183,GLU,A,1161,H,AlphaHelix
1184,ALA,A,1162,H,AlphaHelix
1185,LYS,A,1163,H,AlphaHelix
1186,GLY,A,1164,C,Coil
1187,TYR,A,1165,T,Turn
1188,LYS,A,1166,B,Bridge
1189,GLU,A,1167,T,Turn
1190,VAL,A,1168,T,Turn
1191,LYS,A,1169,T,Turn
1192,LYS,A,1170,T,Turn
1193,ASP,A,1171,T,Turn
1194,LEU,A,1172,T,Turn
1195,ILE,A,1173,T,Turn
1196,ILE,A,1174,E,Strand
1197,LYS,A,1175,E,Strand
1198,LEU,A,1176,E,Strand
1199,PRO,A,1177,T,Turn
1200,LYS,A,1178,B,Bridge
1201,TYR,A,1179,T,Turn
1202,SER,A,1180,T,Turn
1203,LEU,A,1181,E,Strand
1204,PHE,A,1182,E,Strand
1205,GLU,A,1183,E,Strand
1206,LEU,A,1184,T,Turn
1207,GLU,A,1185,T,Turn
1208,ASN,A,1186,T,Turn
1209,GLY,A,1187,T,Turn
1210,ARG,A,1188,T,Turn
1211,LYS,A,1189,E,Strand
1212,ARG,A,1190,E,Strand
1214,LEU,A,1191,C,Coil
1215,ALA,A,1192,C,Coil
1216,SER,A,1193,B,Bridge
1217,ALA,A,1194,T,Turn
1218,GLY,A,1195,T,Turn
1219,GLU,A,1196,B,Bridge
1220,LEU,A,1197,B,Bridge
1221,GLN,A,1198,C,Coil
1222,LYS,A,1199,B,Bridge
1223,GLY,A,1200,C,Coil
1224,ASN,A,1201,C,Coil
1225,GLU,A,1202,C,Coil
1226,LEU,A,1203,C,Coil
1227,ALA,A,1204,C,Coil
1228,LEU,A,1205,C,Coil
1229,PRO,A,1206,C,Coil
1230,SER,A,1207,H,AlphaHelix
1231,LYS,A,1208,H,AlphaHelix
1232,TYR,A,1209,H,AlphaHelix
1233,VAL,A,1210,H,AlphaHelix
1234,ASN,A,1211,H,AlphaHelix
1235,PHE,A,1212,H,AlphaHelix
1236,LEU,A,1213,H,AlphaHelix
1237,TYR,A,1214,H,AlphaHelix
1238,LEU,A,1215,H,AlphaHelix
1239,ALA,A,1216,H,AlphaHelix
1240,SER,A,1217,H,AlphaHelix
1241,HIS,A,1218,H,AlphaHelix
1242,TYR,A,1219,T,Turn
1243,GLU,A,1220,T,Turn
1244,LYS,A,1221,T,Turn
1245,LEU,A,1222,T,Turn
1246,LYS,A,1223,C,Coil
1247,GLY,A,1224,C,Coil
1248,SER,A,1225,C,Coil
1249,PRO,A,1226,H,AlphaHelix
1250,GLU,A,1227,H,AlphaHelix
1251,ASP,A,1228,H,AlphaHelix
1252,ASN,A,1229,H,AlphaHelix
1253,GLU,A,1230,H,AlphaHelix
1254,GLN,A,1231,H,AlphaHelix
1255,LYS,A,1232,H,AlphaHelix
1256,GLN,A,1233,H,AlphaHelix
1257,LEU,A,1234,H,AlphaHelix
1258,PHE,A,1235,H,AlphaHelix
1259,VAL,A,1236,H,AlphaHelix
1260,GLU,A,1237,H,AlphaHelix
1261,GLN,A,1238,H,AlphaHelix
1262,HIS,A,1239,H,AlphaHelix
1263,LYS,A,1240,H,AlphaHelix
1264,HIS,A,1241,H,AlphaHelix
1265,TYR,A,1242,H,AlphaHelix
1266,LEU,A,1243,H,AlphaHelix
1267,ASP,A,1244,H,AlphaHelix
1268,GLU,A,1245,H,AlphaHelix
1269,ILE,A,1246,H,AlphaHelix
1270,ILE,A,1247,H,AlphaHelix
1271,GLU,A,1248,H,AlphaHelix
1272,GLN,A,1249,H,AlphaHelix
1273,ILE,A,1250,H,AlphaHelix
1274,SER,A,1251,H,AlphaHelix
1275,GLU,A,1252,H,AlphaHelix
1276,PHE,A,1253,H,AlphaHelix
1277,SER,A,1254,H,AlphaHelix
1278,LYS,A,1255,H,AlphaHelix
1279,ARG,A,1256,H,AlphaHelix
1280,VAL,A,1257,H,AlphaHelix
1281,ILE,A,1258,H,AlphaHelix
1282,LEU,A,1259,C,Coil
1283,ALA,A,1260,C,Coil
1284,ASP,A,1261,H,AlphaHelix
1285,ALA,A,1262,H,AlphaHelix
1286,ASN,A,1263,H,AlphaHelix
1287,LEU,A,1264,H,AlphaHelix
1288,ASP,A,1265,H,AlphaHelix
1289,LYS,A,1266,H,AlphaHelix
1290,VAL,A,1267,H,AlphaHelix
1291,LEU,A,1268,H,AlphaHelix
1292,SER,A,1269,H,AlphaHelix
1293,ALA,A,1270,H,AlphaHelix
1294,TYR,A,1271,H,AlphaHelix
1295,ASN,A,1272,H,AlphaHelix
1296,LYS,A,1273,H,AlphaHelix
1297,HIS,A,1274,H,AlphaHelix
1298,ARG,A,1275,T,Turn
1299,ASP,A,1276,T,Turn
1300,LYS,A,1277,T,Turn
1301,PRO,A,1278,C,Coil
1302,ILE,A,1279,H,AlphaHelix
1303,ARG,A,1280,H,AlphaHelix
1304,GLU,A,1281,H,AlphaHelix
1305,GLN,A,1282,H,AlphaHelix
1306,ALA,A,1283,H,AlphaHelix
1307,GLU,A,1284,H,AlphaHelix
1308,ASN,A,1285,H,AlphaHelix
1309,ILE,A,1286,H,AlphaHelix
1310,ILE,A,1287,H,AlphaHelix
1311,HIS,A,1288,H,AlphaHelix
1312,LEU,A,1289,H,AlphaHelix
1313,PHE,A,1290,G,310Helix
1314,THR,A,1291,G,310Helix
1315,LEU,A,1292,G,310Helix
1316,THR,A,1293,C,Coil
1317,ASN,A,1294,C,Coil
1318,LEU,A,1295,C,Coil
1319,GLY,A,1296,B,Bridge
1320,ALA,A,1297,C,Coil
1321,PRO,A,1298,C,Coil
1322,ALA,A,1299,C,Coil
1323,ALA,A,1300,C,Coil
1324,PHE,A,1301,E,Strand
1325,LYS,A,1302,E,Strand
1326,TYR,A,1303,E,Strand
1327,PHE,A,1304,T,Turn
1328,ASP,A,1305,T,Turn
1329,THR,A,1306,E,Strand
1330,THR,A,1307,E,Strand
1331,ILE,A,1308,E,Strand
1332,ASP,A,1309,C,Coil
1333,ARG,A,1310,C,Coil
1334,LYS,A,1311,C,Coil
1335,ARG,A,1312,C,Coil
1336,TYR,A,1313,B,Bridge
1337,THR,A,1314,C,Coil
1338,SER,A,1315,C,Coil
1339,THR,A,1316,C,Coil
1340,LYS,A,1317,C,Coil
1341,GLU,A,1318,G,310Helix
1342,VAL,A,1319,G,310Helix
1343,LEU,A,1320,G,310Helix
1344,ASP,A,1321,G,310Helix
1345,ALA,A,1322,C,Coil
1346,THR,A,1323,E,Strand
1347,LEU,A,1324,E,Strand
1348,ILE,A,1325,E,Strand
1349,HIS,A,1326,E,Strand
1350,GLN,A,1327,E,Strand
1351,SER,A,1328,T,Turn
1352,ILE,A,1329,T,Turn
1353,THR,A,1330,T,Turn
1354,GLY,A,1331,T,Turn
1355,LEU,A,1332,T,Turn
1356,TYR,A,1333,T,Turn
1357,GLU,A,1334,E,Strand
1358,THR,A,1335,E,Strand
1359,ARG,A,1336,E,Strand
1360,ILE,A,1337,E,Strand
1361,ASP,A,1338,E,Strand
1362,LEU,A,1339,G,310Helix
1363,SER,A,1340,G,310Helix
1364,GLN,A,1341,G,310Helix
1365,LEU,A,1342,C,Coil
1366,GLY,A,1343,C,Coil
4,LYS,C,1,C,Coil
5,TYR,C,2,C,Coil
6,SER,C,3,E,Strand
7,ILE,C,4,E,Strand
8,GLY,C,5,E,Strand
9,LEU,C,6,E,Strand
10,ASP,C,7,E,Strand
11,ILE,C,8,E,Strand
12,GLY,C,9,T,Turn
13,THR,C,10,T,Turn
14,ASN,C,11,T,Turn
15,SER,C,12,E,Strand
16,VAL,C,13,E,Strand
17,GLY,C,14,E,Strand
18,TRP,C,15,E,Strand
19,ALA,C,16,E,Strand
20,VAL,C,17,E,Strand
21,ILE,C,18,E,Strand
22,THR,C,19,T,Turn
23,ASP,C,20,T,Turn
24,ASP,C,21,T,Turn
25,TYR,C,22,T,Turn
26,LYS,C,23,C,Coil
27,VAL,C,24,C,Coil
28,PRO,C,25,C,Coil
29,SER,C,26,E,Strand
30,LYS,C,27,E,Strand
31,LYS,C,28,E,Strand
32,PHE,C,29,E,Strand
33,LYS,C,30,E,Strand
34,VAL,C,31,E,Strand
35,LEU,C,32,E,Strand
36,GLY,C,33,E,Strand
37,ASN,C,34,C,Coil
38,THR,C,35,C,Coil
39,ASP,C,36,C,Coil
40,ARG,C,37,C,Coil
41,HIS,C,38,C,Coil
42,SER,C,39,E,Strand
43,ILE,C,40,E,Strand
44,LYS,C,41,E,Strand
45,LYS,C,42,E,Strand
46,ASN,C,43,E,Strand
47,LEU,C,44,T,Turn
48,ILE,C,45,E,Strand
49,GLY,C,46,E,Strand
50,ALA,C,47,E,Strand
51,LEU,C,48,E,Strand
52,LEU,C,49,E,Strand
53,PHE,C,50,C,Coil
54,ASP,C,51,C,Coil
55,SER,C,52,C,Coil
56,GLY,C,53,C,Coil
57,GLU,C,54,C,Coil
58,THR,C,55,C,Coil
59,ALA,C,56,H,AlphaHelix
60,GLU,C,57,H,AlphaHelix
61,ALA,C,58,H,AlphaHelix
62,THR,C,59,H,AlphaHelix
63,ARG,C,60,H,AlphaHelix
64,LEU,C,61,H,AlphaHelix
65,LYS,C,62,H,AlphaHelix
66,ARG,C,63,H,AlphaHelix
67,THR,C,64,H,AlphaHelix
68,ALA,C,65,H,AlphaHelix
69,ARG,C,66,H,AlphaHelix
70,ARG,C,67,H,AlphaHelix
71,ARG,C,68,H,AlphaHelix
72,TYR,C,69,H,AlphaHelix
73,THR,C,70,H,AlphaHelix
74,ARG,C,71,H,AlphaHelix
75,ARG,C,72,H,AlphaHelix
76,LYS,C,73,H,AlphaHelix
77,ASN,C,74,H,AlphaHelix
78,ARG,C,75,H,AlphaHelix
79,ILE,C,76,H,AlphaHelix
80,CYS,C,77,H,AlphaHelix
81,TYR,C,78,H,AlphaHelix
82,LEU,C,79,H,AlphaHelix
83,GLN,C,80,H,AlphaHelix
84,GLU,C,81,H,AlphaHelix
85,ILE,C,82,H,AlphaHelix
86,PHE,C,83,H,AlphaHelix
87,SER,C,84,H,AlphaHelix
88,ASN,C,85,T,Turn
89,GLU,C,86,T,Turn
91,ALA,C,87,T,Turn
92,LYS,C,88,T,Turn
93,VAL,C,89,T,Turn
94,ASP,C,90,T,Turn
95,ASP,C,91,T,Turn
96,SER,C,92,T,Turn
97,PHE,C,93,H,AlphaHelix
98,PHE,C,94,H,AlphaHelix
99,HIS,C,95,H,AlphaHelix
100,ARG,C,96,H,AlphaHelix
101,LEU,C,97,H,AlphaHelix
102,GLU,C,98,H,AlphaHelix
103,GLU,C,99,H,AlphaHelix
104,SER,C,100,T,Turn
105,PHE,C,101,T,Turn
106,LEU,C,102,T,Turn
107,VAL,C,103,C,Coil
108,GLU,C,104,G,310Helix
109,GLU,C,105,G,310Helix
110,ASP,C,106,G,310Helix
111,LYS,C,107,C,Coil
112,LYS,C,108,C,Coil
113,HIS,C,109,C,Coil
114,GLU,C,110,C,Coil
115,ARG,C,111,C,Coil
116,HIS,C,112,T,Turn
117,PRO,C,113,T,Turn
118,ILE,C,114,T,Turn
119,PHE,C,115,T,Turn
120,GLY,C,116,T,Turn
121,ASN,C,117,C,Coil
122,ILE,C,118,H,AlphaHelix
123,VAL,C,119,H,AlphaHelix
124,ASP,C,120,H,AlphaHelix
125,GLU,C,121,H,AlphaHelix
126,VAL,C,122,H,AlphaHelix
127,ALA,C,123,H,AlphaHelix
128,TYR,C,124,H,AlphaHelix
129,HIS,C,125,H,AlphaHelix
130,GLU,C,126,H,AlphaHelix
131,LYS,C,127,H,AlphaHelix
132,TYR,C,128,T,Turn
133,PRO,C,129,T,Turn
134,THR,C,130,T,Turn
135,ILE,C,131,H,AlphaHelix
136,TYR,C,132,H,AlphaHelix
137,HIS,C,133,H,AlphaHelix
138,LEU,C,134,H,AlphaHelix
139,ARG,C,135,H,AlphaHelix
140,LYS,C,136,H,AlphaHelix
141,LYS,C,137,H,AlphaHelix
142,LEU,C,138,H,AlphaHelix
143,VAL,C,139,H,AlphaHelix
144,ASP,C,140,H,AlphaHelix
145,SER,C,141,C,Coil
146,THR,C,142,C,Coil
147,ASP,C,143,C,Coil
148,LYS,C,144,C,Coil
149,ALA,C,145,C,Coil
150,ASP,C,146,C,Coil
151,LEU,C,147,H,AlphaHelix
152,ARG,C,148,H,AlphaHelix
153,LEU,C,149,H,AlphaHelix
154,ILE,C,150,H,AlphaHelix
155,TYR,C,151,H,AlphaHelix
156,LEU,C,152,H,AlphaHelix
157,ALA,C,153,H,AlphaHelix
158,LEU,C,154,H,AlphaHelix
159,ALA,C,155,H,AlphaHelix
160,HIS,C,156,G,310Helix
162,ILE,C,157,G,310Helix
163,LYS,C,158,G,310Helix
164,PHE,C,159,C,Coil
165,ARG,C,160,C,Coil
166,GLY,C,161,C,Coil
167,HIS,C,162,B,Bridge
168,PHE,C,163,C,Coil
169,LEU,C,164,C,Coil
170,ILE,C,165,C,Coil
171,GLU,C,166,C,Coil
172,GLY,C,167,C,Coil
173,ASP,C,168,C,Coil
174,LEU,C,169,C,Coil
175,ASN,C,170,C,Coil
176,PRO,C,171,G,310Helix
177,ASP,C,172,G,310Helix
178,ASN,C,173,G,310Helix
179,SER,C,174,C,Coil
180,ASP,C,175,C,Coil
181,VAL,C,176,H,AlphaHelix
182,ASP,C,177,H,AlphaHelix
183,LYS,C,178,H,AlphaHelix
184,LEU,C,179,H,AlphaHelix
185,PHE,C,180,H,AlphaHelix
186,ILE,C,181,H,AlphaHelix
187,GLN,C,182,H,AlphaHelix
188,LEU,C,183,H,AlphaHelix
189,VAL,C,184,H,AlphaHelix
190,GLN,C,185,H,AlphaHelix
191,THR,C,186,H,AlphaHelix
192,TYR,C,187,H,AlphaHelix
193,ASN,C,188,H,AlphaHelix
194,GLN,C,189,H,AlphaHelix
195,LEU,C,190,H,AlphaHelix
196,PHE,C,191,H,AlphaHelix
197,GLU,C,192,T,Turn
198,GLU,C,193,T,Turn
199,ASN,C,194,T,Turn
200,PRO,C,195,T,Turn
201,ILE,C,196,C,Coil
202,ASN,C,197,C,Coil
203,ALA,C,198,T,Turn
204,SER,C,199,T,Turn
205,GLY,C,200,T,Turn
206,VAL,C,201,T,Turn
207,ASP,C,202,C,Coil
208,ALA,C,203,H,AlphaHelix
209,LYS,C,204,H,AlphaHelix
210,ALA,C,205,H,AlphaHelix
211,ILE,C,206,H,AlphaHelix
212,LEU,C,207,H,AlphaHelix
213,SER,C,208,H,AlphaHelix
214,ALA,C,209,C,Coil
215,ARG,C,210,C,Coil
216,LEU,C,211,C,Coil
217,SER,C,212,C,Coil
218,LYS,C,213,H,AlphaHelix
219,SER,C,214,H,AlphaHelix
220,ARG,C,215,H,AlphaHelix
221,ARG,C,216,H,AlphaHelix
222,LEU,C,217,H,AlphaHelix
223,GLU,C,218,H,AlphaHelix
224,ASN,C,219,H,AlphaHelix
225,LEU,C,220,H,AlphaHelix
226,ILE,C,221,H,AlphaHelix
227,ALA,C,222,H,AlphaHelix
228,GLN,C,223,H,AlphaHelix
229,LEU,C,224,T,Turn
230,PRO,C,225,T,Turn
231,GLY,C,226,T,Turn
232,GLU,C,227,T,Turn
233,LYS,C,228,T,Turn
234,LYS,C,229,T,Turn
235,ASN,C,230,T,Turn
236,GLY,C,231,T,Turn
237,LEU,C,232,H,AlphaHelix
238,PHE,C,233,H,AlphaHelix
239,GLY,C,234,H,AlphaHelix
240,ASN,C,235,H,AlphaHelix
241,LEU,C,236,H,AlphaHelix
242,ILE,C,237,H,AlphaHelix
243,ALA,C,238,H,AlphaHelix
244,LEU,C,239,H,AlphaHelix
245,SER,C,240,H,AlphaHelix
246,LEU,C,241,H,AlphaHelix
247,GLY,C,242,C,Coil
248,LEU,C,243,C,Coil
249,THR,C,244,C,Coil
250,PRO,C,245,C,Coil
251,ASN,C,246,B,Bridge
252,PHE,C,247,C,Coil
253,LYS,C,248,G,310Helix
254,SER,C,249,G,310Helix
255,ASN,C,250,G,310Helix
256,PHE,C,251,C,Coil
257,ASP,C,252,C,Coil
258,LEU,C,253,T,Turn
259,ALA,C,254,T,Turn
260,GLU,C,255,T,Turn
261,ASP,C,256,T,Turn
262,ALA,C,257,C,Coil
263,LYS,C,258,B,Bridge
264,LEU,C,259,C,Coil
265,GLN,C,260,T,Turn
266,LEU,C,261,T,Turn
267,SER,C,262,T,Turn
268,LYS,C,263,T,Turn
269,ASP,C,264,C,Coil
270,THR,C,265,H,AlphaHelix
271,TYR,C,266,H,AlphaHelix
272,ASP,C,267,H,AlphaHelix
273,ASP,C,268,H,AlphaHelix
274,ASP,C,269,H,AlphaHelix
275,LEU,C,270,H,AlphaHelix
276,ASP,C,271,H,AlphaHelix
277,ASN,C,272,H,AlphaHelix
278,LEU,C,273,H,AlphaHelix
279,LEU,C,274,H,AlphaHelix
280,ALA,C,275,H,AlphaHelix
281,GLN,C,276,H,AlphaHelix
282,ILE,C,277,H,AlphaHelix
283,GLY,C,278,T,Turn
284,ASP,C,279,T,Turn
285,GLN,C,280,T,Turn
286,TYR,C,281,H,AlphaHelix
287,ALA,C,282,H,AlphaHelix
288,ASP,C,283,H,AlphaHelix
289,LEU,C,284,H,AlphaHelix
290,PHE,C,285,H,AlphaHelix
291,LEU,C,286,H,AlphaHelix
292,ALA,C,287,H,AlphaHelix
293,ALA,C,288,H,AlphaHelix
294,LYS,C,289,H,AlphaHelix
295,ASN,C,290,H,AlphaHelix
296,LEU,C,291,H,AlphaHelix
297,SER,C,292,H,AlphaHelix
298,ASP,C,293,H,AlphaHelix
299,ALA,C,294,H,AlphaHelix
300,ILE,C,295,H,AlphaHelix
301,LEU,C,296,H,AlphaHelix
302,LEU,C,297,H,AlphaHelix
303,SER,C,298,H,AlphaHelix
304,ASP,C,299,H,AlphaHelix
305,ILE,C,300,T,Turn
306,LEU,C,301,T,Turn
307,ARG,C,302,T,Turn
308,VAL,C,303,C,Coil
309,ASN,C,304,T,Turn
310,THR,C,305,T,Turn
311,GLU,C,306,T,Turn
312,ILE,C,307,C,Coil
313,THR,C,308,T,Turn
314,LYS,C,309,T,Turn
315,ALA,C,310,T,Turn
316,PRO,C,311,H,AlphaHelix
317,LEU,C,312,H,AlphaHelix
318,SER,C,313,H,AlphaHelix
319,ALA,C,314,H,AlphaHelix
320,SER,C,315,H,AlphaHelix
322,ILE,C,316,H,AlphaHelix
323,LYS,C,317,H,AlphaHelix
324,ARG,C,318,H,AlphaHelix
325,TYR,C,319,H,AlphaHelix
326,ASP,C,320,H,AlphaHelix
327,GLU,C,321,H,AlphaHelix
328,HIS,C,322,H,AlphaHelix
329,HIS,C,323,H,AlphaHelix
330,GLN,C,324,H,AlphaHelix
331,ASP,C,325,H,AlphaHelix
332,LEU,C,326,H,AlphaHelix
333,THR,C,327,H,AlphaHelix
334,LEU,C,328,H,AlphaHelix
335,LEU,C,329,H,AlphaHelix
336,LYS,C,330,H,AlphaHelix
337,ALA,C,331,H,AlphaHelix
338,LEU,C,332,H,AlphaHelix
339,VAL,C,333,H,AlphaHelix
340,ARG,C,334,H,AlphaHelix
341,GLN,C,335,H,AlphaHelix
342,GLN,C,336,H,AlphaHelix
343,LEU,C,337,C,Coil
344,PRO,C,338,T,Turn
345,GLU,C,339,T,Turn
346,LYS,C,340,T,Turn
347,TYR,C,341,H,AlphaHelix
348,LYS,C,342,H,AlphaHelix
349,GLU,C,343,H,AlphaHelix
350,ILE,C,344,H,AlphaHelix
351,PHE,C,345,H,AlphaHelix
352,PHE,C,346,H,AlphaHelix
353,ASP,C,347,T,Turn
354,GLN,C,348,T,Turn
355,SER,C,349,T,Turn
356,LYS,C,350,T,Turn
357,ASN,C,351,T,Turn
358,GLY,C,352,C,Coil
359,TYR,C,353,H,AlphaHelix
360,ALA,C,354,H,AlphaHelix
361,GLY,C,355,H,AlphaHelix
362,TYR,C,356,H,AlphaHelix
363,ILE,C,357,H,AlphaHelix
364,ASP,C,358,H,AlphaHelix
365,GLY,C,359,C,Coil
366,GLY,C,360,C,Coil
367,ALA,C,361,C,Coil
368,SER,C,362,C,Coil
369,GLN,C,363,H,AlphaHelix
370,GLU,C,364,H,AlphaHelix
371,GLU,C,365,H,AlphaHelix
372,PHE,C,366,H,AlphaHelix
373,TYR,C,367,H,AlphaHelix
374,LYS,C,368,H,AlphaHelix
375,PHE,C,369,H,AlphaHelix
376,ILE,C,370,H,AlphaHelix
377,LYS,C,371,H,AlphaHelix
378,PRO,C,372,H,AlphaHelix
379,ILE,C,373,H,AlphaHelix
380,LEU,C,374,H,AlphaHelix
381,GLU,C,375,H,AlphaHelix
382,LYS,C,376,H,AlphaHelix
384,ASP,C,377,C,Coil
385,GLY,C,378,C,Coil
386,THR,C,379,C,Coil
387,GLU,C,380,C,Coil
388,GLU,C,381,H,AlphaHelix
389,LEU,C,382,H,AlphaHelix
390,LEU,C,383,H,AlphaHelix
391,VAL,C,384,H,AlphaHelix
392,LYS,C,385,H,AlphaHelix
393,LEU,C,386,H,AlphaHelix
394,ASN,C,387,H,AlphaHelix
395,ARG,C,388,H,AlphaHelix
396,GLU,C,389,C,Coil
397,ASP,C,390,T,Turn
398,LEU,C,391,T,Turn
399,LEU,C,392,T,Turn
400,ARG,C,393,T,Turn
401,LYS,C,394,T,Turn
402,GLN,C,395,T,Turn
403,ARG,C,396,T,Turn
404,THR,C,397,T,Turn
405,PHE,C,398,T,Turn
406,ASP,C,399,T,Turn
407,ASN,C,400,G,310Helix
408,GLY,C,401,G,310Helix
409,SER,C,402,G,310Helix
410,ILE,C,403,C,Coil
411,PRO,C,404,B,Bridge
412,HIS,C,405,H,AlphaHelix
413,GLN,C,406,H,AlphaHelix
414,ILE,C,407,H,AlphaHelix
415,HIS,C,408,H,AlphaHelix
416,LEU,C,409,H,AlphaHelix
417,GLY,C,410,H,AlphaHelix
418,GLU,C,411,H,AlphaHelix
419,LEU,C,412,H,AlphaHelix
420,HIS,C,413,H,AlphaHelix
421,ALA,C,414,H,AlphaHelix
422,ILE,C,415,H,AlphaHelix
423,LEU,C,416,H,AlphaHelix
424,ARG,C,417,H,AlphaHelix
425,ARG,C,418,H,AlphaHelix
426,GLN,C,419,H,AlphaHelix
427,GLU,C,420,T,Turn
428,ASP,C,421,T,Turn
429,PHE,C,422,T,Turn
430,TYR,C,423,T,Turn
431,PRO,C,424,H,AlphaHelix
432,PHE,C,425,H,AlphaHelix
433,LEU,C,426,H,AlphaHelix
434,LYS,C,427,H,AlphaHelix
435,ASP,C,428,H,AlphaHelix
436,ASN,C,429,H,AlphaHelix
437,ARG,C,430,H,AlphaHelix
438,GLU,C,431,H,AlphaHelix
439,LYS,C,432,H,AlphaHelix
440,ILE,C,433,H,AlphaHelix
441,GLU,C,434,H,AlphaHelix
442,LYS,C,435,H,AlphaHelix
443,ILE,C,436,H,AlphaHelix
444,LEU,C,437,H,AlphaHelix
445,THR,C,438,H,AlphaHelix
446,PHE,C,439,C,Coil
447,ARG,C,440,C,Coil
448,ILE,C,441,C,Coil
449,PRO,C,442,T,Turn
450,TYR,C,443,T,Turn
451,TYR,C,444,T,Turn
452,VAL,C,445,T,Turn
453,GLY,C,446,T,Turn
454,PRO,C,447,T,Turn
455,LEU,C,448,T,Turn
456,ALA,C,449,T,Turn
457,ARG,C,450,T,Turn
458,GLY,C,451,T,Turn
459,ASN,C,452,T,Turn
460,SER,C,453,T,Turn
461,ARG,C,454,T,Turn
462,PHE,C,455,T,Turn
463,ALA,C,456,T,Turn
464,TRP,C,457,C,Coil
466,THR,C,458,C,Coil
467,ARG,C,459,B,Bridge
468,LYS,C,460,C,Coil
469,SER,C,461,C,Coil
470,GLU,C,462,C,Coil
471,GLU,C,463,C,Coil
472,THR,C,464,C,Coil
473,ILE,C,465,C,Coil
474,THR,C,466,T,Turn
475,PRO,C,467,T,Turn
476,TRP,C,468,T,Turn
477,ASN,C,469,T,Turn
478,PHE,C,470,T,Turn
479,GLU,C,471,T,Turn
480,GLU,C,472,T,Turn
481,VAL,C,473,T,Turn
482,VAL,C,474,B,Bridge
483,ASP,C,475,C,Coil
484,LYS,C,476,H,AlphaHelix
485,GLY,C,477,H,AlphaHelix
486,ALA,C,478,H,AlphaHelix
487,SER,C,479,H,AlphaHelix
488,ALA,C,480,H,AlphaHelix
489,GLN,C,481,H,AlphaHelix
490,SER,C,482,H,AlphaHelix
491,PHE,C,483,H,AlphaHelix
492,ILE,C,484,H,AlphaHelix
493,GLU,C,485,H,AlphaHelix
494,ARG,C,486,H,AlphaHelix
496,THR,C,487,C,Coil
497,ASN,C,488,C,Coil
498,PHE,C,489,B,Bridge
499,ASP,C,490,T,Turn
500,LYS,C,491,T,Turn
501,ASN,C,492,T,Turn
502,LEU,C,493,T,Turn
503,PRO,C,494,T,Turn
504,ASN,C,495,T,Turn
505,GLU,C,496,T,Turn
506,LYS,C,497,B,Bridge
507,VAL,C,498,E,Strand
508,LEU,C,499,E,Strand
509,PRO,C,500,E,Strand
510,LYS,C,501,T,Turn
511,HIS,C,502,T,Turn
512,SER,C,503,T,Turn
513,LEU,C,504,H,AlphaHelix
514,LEU,C,505,H,AlphaHelix
515,TYR,C,506,H,AlphaHelix
516,GLU,C,507,H,AlphaHelix
517,TYR,C,508,H,AlphaHelix
518,PHE,C,509,H,AlphaHelix
519,THR,C,510,H,AlphaHelix
520,VAL,C,511,H,AlphaHelix
521,TYR,C,512,H,AlphaHelix
522,ASN,C,513,H,AlphaHelix
523,GLU,C,514,H,AlphaHelix
524,LEU,C,515,H,AlphaHelix
525,THR,C,516,H,AlphaHelix
526,LYS,C,517,C,Coil
527,VAL,C,518,C,Coil
528,LYS,C,519,E,Strand
529,TYR,C,520,E,Strand
530,VAL,C,521,E,Strand
531,THR,C,522,C,Coil
532,GLU,C,523,C,Coil
533,GLY,C,524,C,Coil
535,ARG,C,525,C,Coil
536,LYS,C,526,C,Coil
537,PRO,C,527,C,Coil
538,ALA,C,528,E,Strand
539,PHE,C,529,E,Strand
540,LEU,C,530,C,Coil
541,SER,C,531,C,Coil
542,GLY,C,532,H,AlphaHelix
543,GLU,C,533,H,AlphaHelix
544,GLN,C,534,H,AlphaHelix
545,LYS,C,535,H,AlphaHelix
546,LYS,C,536,H,AlphaHelix
547,ALA,C,537,H,AlphaHelix
548,ILE,C,538,H,AlphaHelix
549,VAL,C,539,H,AlphaHelix
550,ASP,C,540,H,AlphaHelix
551,LEU,C,541,H,AlphaHelix
552,LEU,C,542,H,AlphaHelix
553,PHE,C,543,T,Turn
554,LYS,C,544,T,Turn
555,THR,C,545,T,Turn
556,ASN,C,546,T,Turn
557,ARG,C,547,T,Turn
558,LYS,C,548,T,Turn
559,VAL,C,549,T,Turn
560,THR,C,550,B,Bridge
561,VAL,C,551,H,AlphaHelix
562,LYS,C,552,H,AlphaHelix
563,GLN,C,553,H,AlphaHelix
564,LEU,C,554,H,AlphaHelix
565,LYS,C,555,H,AlphaHelix
566,GLU,C,556,H,AlphaHelix
567,ASP,C,557,H,AlphaHelix
568,TYR,C,558,H,AlphaHelix
569,PHE,C,559,I,PiHelix
570,LYS,C,560,I,PiHelix
571,LYS,C,561,I,PiHelix
572,ILE,C,562,I,PiHelix
573,GLU,C,563,I,PiHelix
574,CYS,C,564,C,Coil
575,PHE,C,565,T,Turn
576,ASP,C,566,T,Turn
577,SER,C,567,T,Turn
578,VAL,C,568,T,Turn
579,GLU,C,569,E,Strand
580,ILE,C,570,E,Strand
581,SER,C,571,T,Turn
582,GLY,C,572,T,Turn
583,VAL,C,573,T,Turn
584,GLU,C,574,T,Turn
585,ASP,C,575,T,Turn
586,ARG,C,576,B,Bridge
587,PHE,C,577,C,Coil
588,ASN,C,578,C,Coil
589,ALA,C,579,C,Coil
590,SER,C,580,C,Coil
591,LEU,C,581,C,Coil
592,GLY,C,582,H,AlphaHelix
593,THR,C,583,H,AlphaHelix
594,TYR,C,584,H,AlphaHelix
595,HIS,C,585,H,AlphaHelix
596,ASP,C,586,H,AlphaHelix
597,LEU,C,587,H,AlphaHelix
598,LEU,C,588,H,AlphaHelix
599,LYS,C,589,H,AlphaHelix
600,ILE,C,590,H,AlphaHelix
601,ILE,C,591,H,AlphaHelix
602,LYS,C,592,C,Coil
603,ASP,C,593,C,Coil
604,LYS,C,594,G,310Helix
605,ASP,C,595,G,310Helix
606,PHE,C,596,G,310Helix
607,LEU,C,597,G,310Helix
608,ASP,C,598,C,Coil
609,ASN,C,599,C,Coil
610,GLU,C,600,C,Coil
611,GLU,C,601,H,AlphaHelix
612,ASN,C,602,H,AlphaHelix
613,GLU,C,603,H,AlphaHelix
614,ASP,C,604,H,AlphaHelix
615,ILE,C,605,H,AlphaHelix
616,LEU,C,606,H,AlphaHelix
617,GLU,C,607,H,AlphaHelix
618,ASP,C,608,H,AlphaHelix
619,ILE,C,609,H,AlphaHelix
620,VAL,C,610,H,AlphaHelix
621,LEU,C,611,H,AlphaHelix
622,THR,C,612,H,AlphaHelix
623,LEU,C,613,H,AlphaHelix
624,THR,C,614,H,AlphaHelix
625,LEU,C,615,H,AlphaHelix
626,PHE,C,616,C,Coil
627,GLU,C,617,C,Coil
628,ASP,C,618,C,Coil
629,ARG,C,619,C,Coil
630,GLU,C,620,G,310Helix
632,ILE,C,621,G,310Helix
633,GLU,C,622,G,310Helix
634,GLU,C,623,G,310Helix
635,ARG,C,624,G,310Helix
636,LEU,C,625,C,Coil
637,LYS,C,626,G,310Helix
638,THR,C,627,G,310Helix
639,TYR,C,628,G,310Helix
640,ALA,C,629,T,Turn
641,HIS,C,630,T,Turn
642,LEU,C,631,T,Turn
643,PHE,C,632,T,Turn
644,ASP,C,633,T,Turn
645,ASP,C,634,T,Turn
646,LYS,C,635,T,Turn
647,VAL,C,636,G,310Helix
649,LYS,C,637,G,310Helix
650,GLN,C,638,G,310Helix
651,LEU,C,639,G,310Helix
652,LYS,C,640,G,310Helix
653,ARG,C,641,G,310Helix
654,ARG,C,642,C,Coil
655,ARG,C,643,C,Coil
656,TYR,C,644,C,Coil
657,THR,C,645,C,Coil
658,GLY,C,646,C,Coil
659,TRP,C,647,E,Strand
660,GLY,C,648,E,Strand
661,ARG,C,649,E,Strand
662,LEU,C,650,E,Strand
663,SER,C,651,E,Strand
664,ARG,C,652,H,AlphaHelix
665,LYS,C,653,H,AlphaHelix
666,LEU,C,654,H,AlphaHelix
667,ILE,C,655,H,AlphaHelix
668,ASN,C,656,H,AlphaHelix
669,GLY,C,657,C,Coil
670,ILE,C,658,C,Coil
671,ARG,C,659,B,Bridge
672,ASP,C,660,T,Turn
673,LYS,C,661,T,Turn
674,GLN,C,662,T,Turn
675,SER,C,663,T,Turn
676,GLY,C,664,T,Turn
677,LYS,C,665,C,Coil
678,THR,C,666,B,Bridge
679,ILE,C,667,H,AlphaHelix
680,LEU,C,668,H,AlphaHelix
681,ASP,C,669,H,AlphaHelix
682,PHE,C,670,H,AlphaHelix
683,LEU,C,671,H,AlphaHelix
684,LYS,C,672,H,AlphaHelix
685,SER,C,673,C,Coil
686,ASP,C,674,T,Turn
687,GLY,C,675,T,Turn
688,PHE,C,676,T,Turn
689,ALA,C,677,T,Turn
690,ASN,C,678,T,Turn
691,ARG,C,679,T,Turn
692,ASN,C,680,T,Turn
693,PHE,C,681,T,Turn
695,GLN,C,682,H,AlphaHelix
696,LEU,C,683,H,AlphaHelix
697,ILE,C,684,H,AlphaHelix
698,HIS,C,685,H,AlphaHelix
699,ASP,C,686,H,AlphaHelix
700,ASP,C,687,C,Coil
701,SER,C,688,C,Coil
702,LEU,C,689,C,Coil
703,THR,C,690,H,AlphaHelix
704,PHE,C,691,H,AlphaHelix
705,LYS,C,692,H,AlphaHelix
706,GLU,C,693,H,AlphaHelix
707,ASP,C,694,H,AlphaHelix
708,ILE,C,695,H,AlphaHelix
709,GLN,C,696,H,AlphaHelix
710,LYS,C,697,H,AlphaHelix
711,ALA,C,698,H,AlphaHelix
712,GLN,C,699,H,AlphaHelix
713,VAL,C,700,H,AlphaHelix
714,SER,C,701,C,Coil
715,GLY,C,702,C,Coil
716,GLN,C,703,C,Coil
717,GLY,C,704,C,Coil
718,ASP,C,705,C,Coil
719,SER,C,706,C,Coil
720,LEU,C,707,H,AlphaHelix
721,HIS,C,708,H,AlphaHelix
722,GLU,C,709,H,AlphaHelix
723,HIS,C,710,H,AlphaHelix
724,ILE,C,711,H,AlphaHelix
725,ALA,C,712,H,AlphaHelix
726,ASN,C,713,H,AlphaHelix
727,LEU,C,714,C,Coil
728,ALA,C,715,C,Coil
729,GLY,C,716,C,Coil
730,SER,C,717,C,Coil
731,PRO,C,718,H,AlphaHelix
732,ALA,C,719,H,AlphaHelix
733,ILE,C,720,H,AlphaHelix
734,LYS,C,721,H,AlphaHelix
735,LYS,C,722,H,AlphaHelix
736,GLY,C,723,H,AlphaHelix
737,ILE,C,724,H,AlphaHelix
738,LEU,C,725,H,AlphaHelix
739,GLN,C,726,H,AlphaHelix
740,THR,C,727,H,AlphaHelix
741,VAL,C,728,H,AlphaHelix
742,LYS,C,729,H,AlphaHelix
743,VAL,C,730,H,AlphaHelix
744,VAL,C,731,H,AlphaHelix
745,ASP,C,732,H,AlphaHelix
746,GLU,C,733,H,AlphaHelix
747,LEU,C,734,H,AlphaHelix
748,VAL,C,735,H,AlphaHelix
749,LYS,C,736,H,AlphaHelix
750,VAL,C,737,H,AlphaHelix
752,GLY,C,738,C,Coil
753,ARG,C,739,C,Coil
754,HIS,C,740,C,Coil
755,LYS,C,741,C,Coil
756,PRO,C,742,C,Coil
757,GLU,C,743,C,Coil
758,ASN,C,744,E,Strand
759,ILE,C,745,E,Strand
760,VAL,C,746,E,Strand
761,ILE,C,747,E,Strand
762,GLU,C,748,E,Strand
764,ALA,C,749,C,Coil
765,ARG,C,750,C,Coil
766,GLU,C,751,C,Coil
775,LYS,C,752,C,Coil
776,ASN,C,753,H,AlphaHelix
777,SER,C,754,H,AlphaHelix
778,ARG,C,755,H,AlphaHelix
779,GLU,C,756,H,AlphaHelix
780,ARG,C,757,G,310Helix
782,LYS,C,758,G,310Helix
783,ARG,C,759,G,310Helix
784,ILE,C,760,T,Turn
785,GLU,C,761,T,Turn
786,GLU,C,762,T,Turn
787,GLY,C,763,T,Turn
788,ILE,C,764,T,Turn
789,LYS,C,765,T,Turn
790,GLU,C,766,T,Turn
791,LEU,C,767,T,Turn
792,GLY,C,768,T,Turn
793,SER,C,769,T,Turn
794,GLN,C,770,T,Turn
795,ILE,C,771,G,310Helix
796,LEU,C,772,G,310Helix
797,LYS,C,773,G,310Helix
798,GLU,C,774,T,Turn
799,HIS,C,775,T,Turn
800,PRO,C,776,T,Turn
801,VAL,C,777,C,Coil
809,GLU,C,778,C,Coil
810,LYS,C,779,T,Turn
811,LEU,C,780,T,Turn
812,TYR,C,781,T,Turn
813,LEU,C,782,T,Turn
814,TYR,C,783,T,Turn
815,TYR,C,784,T,Turn
816,LEU,C,785,T,Turn
817,GLN,C,786,T,Turn
818,ASN,C,787,T,Turn
819,GLY,C,788,T,Turn
820,ARG,C,789,B,Bridge
821,ASP,C,790,T,Turn
823,TYR,C,791,T,Turn
824,VAL,C,792,T,Turn
825,ASP,C,793,T,Turn
826,GLN,C,794,C,Coil
827,GLU,C,795,B,Bridge
828,LEU,C,796,C,Coil
829,ASP,C,797,C,Coil
830,ILE,C,798,C,Coil
831,ASN,C,799,C,Coil
834,SER,C,800,C,Coil
835,ASP,C,801,C,Coil
836,TYR,C,802,E,Strand
837,ASP,C,803,E,Strand
838,VAL,C,804,E,Strand
839,ASP,C,805,C,Coil
840,HIS,C,806,T,Turn
841,ILE,C,807,T,Turn
842,VAL,C,808,T,Turn
843,PRO,C,809,T,Turn
844,GLN,C,810,T,Turn
845,SER,C,811,T,Turn
846,PHE,C,812,T,Turn
847,LEU,C,813,T,Turn
848,LYS,C,814,C,Coil
849,ASP,C,815,C,Coil
850,ASP,C,816,C,Coil
851,SER,C,817,C,Coil
852,ILE,C,818,G,310Helix
853,ASP,C,819,G,310Helix
854,ASN,C,820,G,310Helix
855,LYS,C,821,C,Coil
856,VAL,C,822,C,Coil
857,LEU,C,823,E,Strand
858,THR,C,824,E,Strand
859,ARG,C,825,E,Strand
860,SER,C,826,C,Coil
861,ASP,C,827,T,Turn
862,LYS,C,828,T,Turn
863,ASN,C,829,T,Turn
864,ARG,C,830,T,Turn
865,GLY,C,831,T,Turn
866,LYS,C,832,C,Coil
871,PRO,C,833,C,Coil
872,SER,C,834,C,Coil
873,GLU,C,835,T,Turn
874,GLU,C,836,T,Turn
875,VAL,C,837,T,Turn
876,VAL,C,838,T,Turn
877,LYS,C,839,T,Turn
878,LYS,C,840,T,Turn
880,LYS,C,841,T,Turn
881,ASN,C,842,G,310Helix
882,TYR,C,843,G,310Helix
883,TRP,C,844,G,310Helix
884,ARG,C,845,C,Coil
892,ILE,C,846,C,Coil
893,THR,C,847,C,Coil
894,GLN,C,848,H,AlphaHelix
895,ARG,C,849,H,AlphaHelix
896,LYS,C,850,H,AlphaHelix
897,PHE,C,851,H,AlphaHelix
898,ASP,C,852,H,AlphaHelix
899,ASN,C,853,H,AlphaHelix
907,GLY,C,854,C,Coil
908,LEU,C,855,C,Coil
909,SER,C,856,C,Coil
910,GLU,C,857,H,AlphaHelix
911,LEU,C,858,H,AlphaHelix
912,ASP,C,859,H,AlphaHelix
913,LYS,C,860,H,AlphaHelix
914,ALA,C,861,H,AlphaHelix
915,GLY,C,862,H,AlphaHelix
916,PHE,C,863,H,AlphaHelix
917,ILE,C,864,H,AlphaHelix
918,LYS,C,865,H,AlphaHelix
919,ARG,C,866,H,AlphaHelix
920,GLN,C,867,H,AlphaHelix
921,LEU,C,868,H,AlphaHelix
922,VAL,C,869,C,Coil
923,GLU,C,870,C,Coil
924,THR,C,871,C,Coil
925,ARG,C,872,C,Coil
926,GLN,C,873,H,AlphaHelix
927,ILE,C,874,H,AlphaHelix
928,THR,C,875,H,AlphaHelix
929,LYS,C,876,H,AlphaHelix
930,HIS,C,877,H,AlphaHelix
931,VAL,C,878,H,AlphaHelix
932,ALA,C,879,H,AlphaHelix
933,GLN,C,880,H,AlphaHelix
934,ILE,C,881,H,AlphaHelix
935,LEU,C,882,H,AlphaHelix
936,ASP,C,883,H,AlphaHelix
937,SER,C,884,H,AlphaHelix
938,ARG,C,885,H,AlphaHelix
940,ASN,C,886,C,Coil
941,THR,C,887,C,Coil
942,LYS,C,888,C,Coil
943,TYR,C,889,C,Coil
944,ASP,C,890,C,Coil
945,GLU,C,891,C,Coil
946,ASN,C,892,C,Coil
953,VAL,C,893,C,Coil
954,LYS,C,894,E,Strand
955,VAL,C,895,E,Strand
956,ILE,C,896,E,Strand
957,THR,C,897,E,Strand
958,LEU,C,898,C,Coil
959,LYS,C,899,C,Coil
960,SER,C,900,H,AlphaHelix
961,LYS,C,901,H,AlphaHelix
962,LEU,C,902,H,AlphaHelix
963,VAL,C,903,H,AlphaHelix
964,SER,C,904,H,AlphaHelix
965,ASP,C,905,H,AlphaHelix
966,PHE,C,906,H,AlphaHelix
967,ARG,C,907,H,AlphaHelix
968,LYS,C,908,H,AlphaHelix
969,ASP,C,909,H,AlphaHelix
970,PHE,C,910,H,AlphaHelix
971,GLN,C,911,C,Coil
972,PHE,C,912,C,Coil
973,TYR,C,913,C,Coil
974,LYS,C,914,C,Coil
975,VAL,C,915,T,Turn
976,ARG,C,916,T,Turn
977,GLU,C,917,T,Turn
978,ILE,C,918,T,Turn
979,ASN,C,919,T,Turn
980,ASN,C,920,H,AlphaHelix
981,TYR,C,921,H,AlphaHelix
982,HIS,C,922,H,AlphaHelix
983,HIS,C,923,H,AlphaHelix
984,ALA,C,924,H,AlphaHelix
985,HIS,C,925,H,AlphaHelix
986,ASP,C,926,H,AlphaHelix
987,ALA,C,927,H,AlphaHelix
988,TYR,C,928,H,AlphaHelix
989,LEU,C,929,H,AlphaHelix
990,ASN,C,930,H,AlphaHelix
991,ALA,C,931,H,AlphaHelix
992,VAL,C,932,H,AlphaHelix
993,VAL,C,933,H,AlphaHelix
994,GLY,C,934,H,AlphaHelix
995,THR,C,935,H,AlphaHelix
996,ALA,C,936,H,AlphaHelix
997,LEU,C,937,H,AlphaHelix
998,ILE,C,938,H,AlphaHelix
999,LYS,C,939,H,AlphaHelix
1000,LYS,C,940,H,AlphaHelix
1001,TYR,C,941,C,Coil
1002,PRO,C,942,G,310Helix
1003,LYS,C,943,G,310Helix
1004,LEU,C,944,G,310Helix
1005,GLU,C,945,H,AlphaHelix
1006,SER,C,946,H,AlphaHelix
1007,GLU,C,947,H,AlphaHelix
1008,PHE,C,948,H,AlphaHelix
1009,VAL,C,949,B,Bridge
1010,TYR,C,950,C,Coil
1011,GLY,C,951,C,Coil
1012,ASP,C,952,C,Coil
1013,TYR,C,953,C,Coil
1014,LYS,C,954,C,Coil
1015,VAL,C,955,C,Coil
1016,TYR,C,956,C,Coil
1017,ASP,C,957,C,Coil
1018,VAL,C,958,C,Coil
1019,ARG,C,959,C,Coil
1040,SER,C,960,C,Coil
1041,ASN,C,961,C,Coil
1042,ILE,C,962,C,Coil
1044,ASN,C,963,T,Turn
1045,PHE,C,964,T,Turn
1046,PHE,C,965,T,Turn
1047,LYS,C,966,T,Turn
1048,THR,C,967,C,Coil
1049,GLU,C,968,B,Bridge
1050,ILE,C,969,T,Turn
1057,ILE,C,970,T,Turn
1058,ARG,C,971,T,Turn
1059,LYS,C,972,B,Bridge
1060,ARG,C,973,C,Coil
1061,PRO,C,974,T,Turn
1062,LEU,C,975,T,Turn
1063,ILE,C,976,E,Strand
1064,GLU,C,977,E,Strand
1065,THR,C,978,E,Strand
1066,ASN,C,979,E,Strand
1067,GLY,C,980,T,Turn
1068,GLU,C,981,T,Turn
1069,THR,C,982,T,Turn
1070,GLY,C,983,T,Turn
1071,GLU,C,984,E,Strand
1072,ILE,C,985,E,Strand
1073,VAL,C,986,E,Strand
1074,TRP,C,987,E,Strand
1075,ASP,C,988,E,Strand
1076,LYS,C,989,C,Coil
1077,GLY,C,990,H,AlphaHelix
1078,ARG,C,991,H,AlphaHelix
1079,ASP,C,992,H,AlphaHelix
1080,PHE,C,993,H,AlphaHelix
1081,ALA,C,994,H,AlphaHelix
1082,THR,C,995,H,AlphaHelix
1083,VAL,C,996,H,AlphaHelix
1084,ARG,C,997,H,AlphaHelix
1085,LYS,C,998,H,AlphaHelix
1086,VAL,C,999,H,AlphaHelix
1087,LEU,C,1000,H,AlphaHelix
1088,SER,C,1001,H,AlphaHelix
1090,PRO,C,1002,C,Coil
1091,GLN,C,1003,C,Coil
1092,VAL,C,1004,C,Coil
1093,ASN,C,1005,E,Strand
1094,ILE,C,1006,E,Strand
1095,VAL,C,1007,E,Strand
1096,LYS,C,1008,E,Strand
1097,LYS,C,1009,C,Coil
1098,THR,C,1010,C,Coil
1099,GLU,C,1011,B,Bridge
1100,VAL,C,1012,C,Coil
1101,GLN,C,1013,C,Coil
1102,THR,C,1014,C,Coil
1103,GLY,C,1015,C,Coil
1104,GLY,C,1016,C,Coil
1105,PHE,C,1017,C,Coil
1106,SER,C,1018,E,Strand
1107,LYS,C,1019,E,Strand
1108,GLU,C,1020,C,Coil
1109,SER,C,1021,C,Coil
1110,ILE,C,1022,C,Coil
1111,LEU,C,1023,B,Bridge
1112,PRO,C,1024,b,Bridge
1113,LYS,C,1025,C,Coil
1114,ARG,C,1026,C,Coil
1115,ASN,C,1027,C,Coil
1116,SER,C,1028,T,Turn
1117,ASP,C,1029,T,Turn
1118,LYS,C,1030,T,Turn
1119,LEU,C,1031,T,Turn
1120,ILE,C,1032,E,Strand
1121,ALA,C,1033,E,Strand
1122,ARG,C,1034,T,Turn
1123,LYS,C,1035,B,Bridge
1124,LYS,C,1036,T,Turn
1125,ASP,C,1037,T,Turn
1126,TRP,C,1038,B,Bridge
1127,ASP,C,1039,C,Coil
1128,PRO,C,1040,H,AlphaHelix
1129,LYS,C,1041,H,AlphaHelix
1130,LYS,C,1042,H,AlphaHelix
1131,TYR,C,1043,H,AlphaHelix
1132,GLY,C,1044,C,Coil
1133,GLY,C,1045,E,Strand
1134,PHE,C,1046,E,Strand
1135,ASP,C,1047,E,Strand
1136,SER,C,1048,E,Strand
1137,PRO,C,1049,E,Strand
1138,THR,C,1050,C,Coil
1139,VAL,C,1051,E,Strand
1140,ALA,C,1052,E,Strand
1141,TYR,C,1053,E,Strand
1142,SER,C,1054,E,Strand
1143,VAL,C,1055,E,Strand
1144,LEU,C,1056,E,Strand
1145,VAL,C,1057,E,Strand
1146,VAL,C,1058,E,Strand
1147,ALA,C,1059,E,Strand
1148,LYS,C,1060,E,Strand
1149,VAL,C,1061,E,Strand
1150,GLU,C,1062,E,Strand
1151,LYS,C,1063,E,Strand
1152,GLY,C,1064,T,Turn
1153,LYS,C,1065,T,Turn
1154,SER,C,1066,T,Turn
1155,LYS,C,1067,T,Turn
1156,LYS,C,1068,E,Strand
1157,LEU,C,1069,E,Strand
1158,LYS,C,1070,E,Strand
1159,SER,C,1071,E,Strand
1160,VAL,C,1072,E,Strand
1161,LYS,C,1073,E,Strand
1162,GLU,C,1074,E,Strand
1163,LEU,C,1075,E,Strand
1164,LEU,C,1076,E,Strand
1165,GLY,C,1077,E,Strand
1166,ILE,C,1078,E,Strand
1167,THR,C,1079,E,Strand
1168,ILE,C,1080,T,Turn
1170,GLU,C,1081,H,AlphaHelix
1171,ARG,C,1082,H,AlphaHelix
1172,SER,C,1083,H,AlphaHelix
1173,SER,C,1084,H,AlphaHelix
1174,PHE,C,1085,H,AlphaHelix
1175,GLU,C,1086,H,AlphaHelix
1176,LYS,C,1087,H,AlphaHelix
1177,ASN,C,1088,C,Coil
1178,PRO,C,1089,H,AlphaHelix
1179,ILE,C,1090,H,AlphaHelix
1180,ASP,C,1091,H,AlphaHelix
1181,PHE,C,1092,H,AlphaHelix
1182,LEU,C,1093,H,AlphaHelix
1183,GLU,C,1094,H,AlphaHelix
1184,ALA,C,1095,H,AlphaHelix
1185,LYS,C,1096,H,AlphaHelix
1186,GLY,C,1097,C,Coil
1187,TYR,C,1098,C,Coil
1188,LYS,C,1099,B,Bridge
1189,GLU,C,1100,C,Coil
1190,VAL,C,1101,C,Coil
1191,LYS,C,1102,C,Coil
1192,LYS,C,1103,G,310Helix
1193,ASP,C,1104,G,310Helix
1194,LEU,C,1105,G,310Helix
1195,ILE,C,1106,C,Coil
1196,ILE,C,1107,E,Strand
1197,LYS,C,1108,E,Strand
1198,LEU,C,1109,E,Strand
1199,PRO,C,1110,T,Turn
1200,LYS,C,1111,B,Bridge
1201,TYR,C,1112,T,Turn
1202,SER,C,1113,T,Turn
1203,LEU,C,1114,E,Strand
1204,PHE,C,1115,E,Strand
1205,GLU,C,1116,E,Strand
1206,LEU,C,1117,T,Turn
1207,GLU,C,1118,T,Turn
1208,ASN,C,1119,T,Turn
1209,GLY,C,1120,T,Turn
1210,ARG,C,1121,T,Turn
1211,LYS,C,1122,E,Strand
1212,ARG,C,1123,E,Strand
1214,LEU,C,1124,C,Coil
1215,ALA,C,1125,C,Coil
1216,SER,C,1126,T,Turn
1217,ALA,C,1127,T,Turn
1218,GLY,C,1128,T,Turn
1219,GLU,C,1129,T,Turn
1220,LEU,C,1130,B,Bridge
1221,GLN,C,1131,C,Coil
1222,LYS,C,1132,B,Bridge
1223,GLY,C,1133,C,Coil
1224,ASN,C,1134,C,Coil
1225,GLU,C,1135,C,Coil
1226,LEU,C,1136,C,Coil
1227,ALA,C,1137,C,Coil
1228,LEU,C,1138,C,Coil
1229,PRO,C,1139,C,Coil
1230,SER,C,1140,H,AlphaHelix
1231,LYS,C,1141,H,AlphaHelix
1232,TYR,C,1142,H,AlphaHelix
1233,VAL,C,1143,H,AlphaHelix
1234,ASN,C,1144,H,AlphaHelix
1235,PHE,C,1145,H,AlphaHelix
1236,LEU,C,1146,H,AlphaHelix
1237,TYR,C,1147,H,AlphaHelix
1238,LEU,C,1148,H,AlphaHelix
1239,ALA,C,1149,H,AlphaHelix
1240,SER,C,1150,H,AlphaHelix
1241,HIS,C,1151,H,AlphaHelix
1242,TYR,C,1152,T,Turn
1243,GLU,C,1153,T,Turn
1244,LYS,C,1154,T,Turn
1245,LEU,C,1155,T,Turn
1246,LYS,C,1156,C,Coil
1247,GLY,C,1157,C,Coil
1248,SER,C,1158,T,Turn
1249,PRO,C,1159,T,Turn
1250,GLU,C,1160,T,Turn
1251,ASP,C,1161,T,Turn
1252,ASN,C,1162,T,Turn
1253,GLU,C,1163,T,Turn
1254,GLN,C,1164,T,Turn
1255,LYS,C,1165,T,Turn
1256,GLN,C,1166,T,Turn
1257,LEU,C,1167,T,Turn
1258,PHE,C,1168,T,Turn
1259,VAL,C,1169,T,Turn
1260,GLU,C,1170,T,Turn
1261,GLN,C,1171,T,Turn
1262,HIS,C,1172,T,Turn
1263,LYS,C,1173,H,AlphaHelix
1264,HIS,C,1174,H,AlphaHelix
1265,TYR,C,1175,H,AlphaHelix
1266,LEU,C,1176,H,AlphaHelix
1267,ASP,C,1177,H,AlphaHelix
1268,GLU,C,1178,H,AlphaHelix
1269,ILE,C,1179,H,AlphaHelix
1270,ILE,C,1180,H,AlphaHelix
1271,GLU,C,1181,H,AlphaHelix
1272,GLN,C,1182,H,AlphaHelix
1273,ILE,C,1183,H,AlphaHelix
1274,SER,C,1184,H,AlphaHelix
1275,GLU,C,1185,H,AlphaHelix
1276,PHE,C,1186,H,AlphaHelix
1277,SER,C,1187,H,AlphaHelix
1278,LYS,C,1188,H,AlphaHelix
1279,ARG,C,1189,H,AlphaHelix
1280,VAL,C,1190,H,AlphaHelix
1281,ILE,C,1191,H,AlphaHelix
1282,LEU,C,1192,C,Coil
1283,ALA,C,1193,C,Coil
1284,ASP,C,1194,H,AlphaHelix
1285,ALA,C,1195,H,AlphaHelix
1286,ASN,C,1196,H,AlphaHelix
1287,LEU,C,1197,H,AlphaHelix
1288,ASP,C,1198,H,AlphaHelix
1289,LYS,C,1199,H,AlphaHelix
1290,VAL,C,1200,H,AlphaHelix
1291,LEU,C,1201,H,AlphaHelix
1292,SER,C,1202,H,AlphaHelix
1293,ALA,C,1203,H,AlphaHelix
1294,TYR,C,1204,H,AlphaHelix
1295,ASN,C,1205,H,AlphaHelix
1296,LYS,C,1206,H,AlphaHelix
1297,HIS,C,1207,H,AlphaHelix
1298,ARG,C,1208,C,Coil
1299,ASP,C,1209,C,Coil
1300,LYS,C,1210,C,Coil
1301,PRO,C,1211,C,Coil
1302,ILE,C,1212,H,AlphaHelix
1303,ARG,C,1213,H,AlphaHelix
1304,GLU,C,1214,H,AlphaHelix
1305,GLN,C,1215,H,AlphaHelix
1306,ALA,C,1216,H,AlphaHelix
1307,GLU,C,1217,H,AlphaHelix
1308,ASN,C,1218,H,AlphaHelix
1309,ILE,C,1219,H,AlphaHelix
1310,ILE,C,1220,H,AlphaHelix
1311,HIS,C,1221,H,AlphaHelix
1312,LEU,C,1222,H,AlphaHelix
1313,PHE,C,1223,G,310Helix
1314,THR,C,1224,G,310Helix
1315,LEU,C,1225,G,310Helix
1316,THR,C,1226,G,310Helix
1317,ASN,C,1227,C,Coil
1318,LEU,C,1228,C,Coil
1319,GLY,C,1229,B,Bridge
1320,ALA,C,1230,C,Coil
1321,PRO,C,1231,C,Coil
1322,ALA,C,1232,C,Coil
1323,ALA,C,1233,C,Coil
1324,PHE,C,1234,E,Strand
1325,LYS,C,1235,E,Strand
1326,TYR,C,1236,E,Strand
1327,PHE,C,1237,T,Turn
1328,ASP,C,1238,T,Turn
1329,THR,C,1239,E,Strand
1330,THR,C,1240,E,Strand
1331,ILE,C,1241,E,Strand
1332,ASP,C,1242,C,Coil
1333,ARG,C,1243,C,Coil
1334,LYS,C,1244,C,Coil
1335,ARG,C,1245,C,Coil
1336,TYR,C,1246,B,Bridge
1337,THR,C,1247,C,Coil
1338,SER,C,1248,C,Coil
1339,THR,C,1249,C,Coil
1340,LYS,C,1250,C,Coil
1341,GLU,C,1251,G,310Helix
1342,VAL,C,1252,G,310Helix
1343,LEU,C,1253,G,310Helix
1344,ASP,C,1254,G,310Helix
1345,ALA,C,1255,C,Coil
1346,THR,C,1256,E,Strand
1347,LEU,C,1257,E,Strand
1348,ILE,C,1258,E,Strand
1349,HIS,C,1259,E,Strand
1350,GLN,C,1260,E,Strand
1351,SER,C,1261,T,Turn
1352,ILE,C,1262,T,Turn
1353,THR,C,1263,T,Turn
1354,GLY,C,1264,T,Turn
1355,LEU,C,1265,T,Turn
1356,TYR,C,1266,T,Turn
1357,GLU,C,1267,E,Strand
1358,THR,C,1268,E,Strand
1359,ARG,C,1269,E,Strand
1360,ILE,C,1270,E,Strand
1361,ASP,C,1271,E,Strand
1362,LEU,C,1272,G,310Helix
1363,SER,C,1273,G,310Helix
1364,GLN,C,1274,G,310Helix
1365,LEU,C,1275,C,Coil
1366,GLY,C,1276,C,Coil
