PDBResidueNum,Residue_4CMP,OrdinalResidueNum_4CMP,ShortSecondaryStructure_4CMP,SecondaryStructure_4CMP,Residue_4OO8,OrdinalResidueNum_4OO8,ShortSecondaryStructure_4OO8,SecondaryStructure_4OO8,Residue_4UN3,OrdinalResidueNum_4UN3,ShortSecondaryStructure_4UN3,SecondaryStructure_4UN3
3,,,,,LYS,1.0,C,Coil,,,,
4,LYS,1.0,C,Coil,LYS,2.0,C,Coil,LYS,1.0,C,Coil
5,TYR,2.0,C,Coil,TYR,3.0,C,Coil,TYR,2.0,C,Coil
6,SER,3.0,E,Strand,SER,4.0,E,Strand,SER,3.0,E,Strand
7,ILE,4.0,E,Strand,ILE,5.0,E,Strand,ILE,4.0,E,Strand
8,GLY,5.0,E,Strand,GLY,6.0,E,Strand,GLY,5.0,E,Strand
9,LEU,6.0,E,Strand,LEU,7.0,E,Strand,LEU,6.0,E,Strand
10,ASP,7.0,E,Strand,ALA,8.0,E,Strand,ASP,7.0,E,Strand
11,ILE,8.0,E,Strand,ILE,9.0,E,Strand,ILE,8.0,E,Strand
12,GLY,9.0,T,Turn,GLY,10.0,T,Turn,GLY,9.0,T,Turn
13,THR,10.0,T,Turn,THR,11.0,T,Turn,THR,10.0,T,Turn
14,ASN,11.0,T,Turn,ASN,12.0,T,Turn,ASN,11.0,T,Turn
15,SER,12.0,E,Strand,SER,13.0,E,Strand,SER,12.0,E,Strand
16,VAL,13.0,E,Strand,VAL,14.0,E,Strand,VAL,13.0,E,Strand
17,GLY,14.0,E,Strand,GLY,15.0,E,Strand,GLY,14.0,E,Strand
18,TRP,15.0,E,Strand,TRP,16.0,E,Strand,TRP,15.0,E,Strand
19,ALA,16.0,E,Strand,ALA,17.0,E,Strand,ALA,16.0,E,Strand
20,VAL,17.0,E,Strand,VAL,18.0,E,Strand,VAL,17.0,E,Strand
21,ILE,18.0,E,Strand,ILE,19.0,E,Strand,ILE,18.0,E,Strand
22,THR,19.0,T,Turn,THR,20.0,B,Bridge,THR,19.0,T,Turn
23,ASP,20.0,T,Turn,ASP,21.0,T,Turn,ASP,20.0,T,Turn
24,GLU,21.0,T,Turn,GLU,22.0,T,Turn,GLU,21.0,T,Turn
25,TYR,22.0,T,Turn,TYR,23.0,T,Turn,TYR,22.0,T,Turn
26,LYS,23.0,C,Coil,LYS,24.0,B,Bridge,LYS,23.0,C,Coil
27,VAL,24.0,C,Coil,VAL,25.0,C,Coil,VAL,24.0,C,Coil
28,PRO,25.0,C,Coil,PRO,26.0,C,Coil,PRO,25.0,C,Coil
29,SER,26.0,E,Strand,SER,27.0,E,Strand,SER,26.0,E,Strand
30,LYS,27.0,E,Strand,LYS,28.0,E,Strand,LYS,27.0,E,Strand
31,LYS,28.0,E,Strand,LYS,29.0,E,Strand,LYS,28.0,E,Strand
32,PHE,29.0,E,Strand,PHE,30.0,E,Strand,PHE,29.0,E,Strand
33,LYS,30.0,E,Strand,LYS,31.0,E,Strand,LYS,30.0,E,Strand
34,VAL,31.0,B,Bridge,VAL,32.0,E,Strand,VAL,31.0,E,Strand
35,LEU,32.0,C,Coil,LEU,33.0,E,Strand,LEU,32.0,E,Strand
36,GLY,33.0,C,Coil,GLY,34.0,E,Strand,GLY,33.0,E,Strand
37,ASN,34.0,C,Coil,ASN,35.0,C,Coil,ASN,34.0,C,Coil
38,THR,35.0,C,Coil,THR,36.0,C,Coil,THR,35.0,C,Coil
39,ASP,36.0,C,Coil,ASP,37.0,C,Coil,ASP,36.0,C,Coil
40,ARG,37.0,C,Coil,ARG,38.0,C,Coil,ARG,37.0,C,Coil
41,HIS,38.0,C,Coil,HIS,39.0,C,Coil,HIS,38.0,C,Coil
42,SER,39.0,E,Strand,SER,40.0,E,Strand,SER,39.0,E,Strand
43,ILE,40.0,E,Strand,ILE,41.0,E,Strand,ILE,40.0,E,Strand
44,LYS,41.0,E,Strand,LYS,42.0,E,Strand,LYS,41.0,E,Strand
45,LYS,42.0,E,Strand,LYS,43.0,E,Strand,LYS,42.0,E,Strand
46,ASN,43.0,E,Strand,ASN,44.0,E,Strand,ASN,43.0,E,Strand
47,LEU,44.0,C,Coil,LEU,45.0,T,Turn,LEU,44.0,C,Coil
48,ILE,45.0,E,Strand,ILE,46.0,E,Strand,ILE,45.0,E,Strand
49,GLY,46.0,E,Strand,GLY,47.0,E,Strand,GLY,46.0,E,Strand
50,ALA,47.0,E,Strand,ALA,48.0,E,Strand,ALA,47.0,E,Strand
51,LEU,48.0,E,Strand,LEU,49.0,E,Strand,LEU,48.0,E,Strand
52,LEU,49.0,E,Strand,LEU,50.0,E,Strand,LEU,49.0,E,Strand
53,PHE,50.0,C,Coil,PHE,51.0,C,Coil,PHE,50.0,C,Coil
54,ASP,51.0,C,Coil,ASP,52.0,C,Coil,ASP,51.0,C,Coil
55,SER,52.0,C,Coil,SER,53.0,C,Coil,SER,52.0,C,Coil
56,GLY,53.0,C,Coil,GLY,54.0,C,Coil,GLY,53.0,C,Coil
57,GLU,54.0,C,Coil,GLU,55.0,C,Coil,GLU,54.0,C,Coil
58,THR,55.0,C,Coil,THR,56.0,C,Coil,THR,55.0,C,Coil
59,ALA,56.0,H,AlphaHelix,ALA,57.0,H,AlphaHelix,ALA,56.0,H,AlphaHelix
60,GLU,57.0,H,AlphaHelix,GLU,58.0,H,AlphaHelix,GLU,57.0,H,AlphaHelix
61,ALA,58.0,H,AlphaHelix,ALA,59.0,H,AlphaHelix,ALA,58.0,H,AlphaHelix
62,THR,59.0,H,AlphaHelix,THR,60.0,H,AlphaHelix,THR,59.0,H,AlphaHelix
63,ARG,60.0,H,AlphaHelix,ARG,61.0,H,AlphaHelix,ARG,60.0,H,AlphaHelix
64,LEU,61.0,H,AlphaHelix,LEU,62.0,H,AlphaHelix,LEU,61.0,H,AlphaHelix
65,LYS,62.0,C,Coil,LYS,63.0,H,AlphaHelix,LYS,62.0,H,AlphaHelix
66,ARG,63.0,C,Coil,ARG,64.0,H,AlphaHelix,ARG,63.0,H,AlphaHelix
67,THR,64.0,C,Coil,THR,65.0,H,AlphaHelix,THR,64.0,H,AlphaHelix
68,ALA,65.0,H,AlphaHelix,ALA,66.0,H,AlphaHelix,ALA,65.0,H,AlphaHelix
69,ARG,66.0,H,AlphaHelix,ARG,67.0,H,AlphaHelix,ARG,66.0,H,AlphaHelix
70,ARG,67.0,H,AlphaHelix,ARG,68.0,H,AlphaHelix,ARG,67.0,H,AlphaHelix
71,ARG,68.0,H,AlphaHelix,ARG,69.0,H,AlphaHelix,ARG,68.0,H,AlphaHelix
72,TYR,69.0,H,AlphaHelix,TYR,70.0,H,AlphaHelix,TYR,69.0,H,AlphaHelix
73,THR,70.0,H,AlphaHelix,THR,71.0,H,AlphaHelix,THR,70.0,H,AlphaHelix
74,ARG,71.0,H,AlphaHelix,ARG,72.0,H,AlphaHelix,ARG,71.0,H,AlphaHelix
75,ARG,72.0,H,AlphaHelix,ARG,73.0,H,AlphaHelix,ARG,72.0,H,AlphaHelix
76,LYS,73.0,H,AlphaHelix,LYS,74.0,H,AlphaHelix,LYS,73.0,H,AlphaHelix
77,ASN,74.0,H,AlphaHelix,ASN,75.0,H,AlphaHelix,ASN,74.0,H,AlphaHelix
78,ARG,75.0,H,AlphaHelix,ARG,76.0,H,AlphaHelix,ARG,75.0,H,AlphaHelix
79,ILE,76.0,H,AlphaHelix,ILE,77.0,H,AlphaHelix,ILE,76.0,H,AlphaHelix
80,CYS,77.0,H,AlphaHelix,LEU,78.0,H,AlphaHelix,CYS,77.0,H,AlphaHelix
81,TYR,78.0,H,AlphaHelix,TYR,79.0,H,AlphaHelix,TYR,78.0,H,AlphaHelix
82,LEU,79.0,H,AlphaHelix,LEU,80.0,H,AlphaHelix,LEU,79.0,H,AlphaHelix
83,GLN,80.0,H,AlphaHelix,GLN,81.0,H,AlphaHelix,GLN,80.0,H,AlphaHelix
84,GLU,81.0,H,AlphaHelix,GLU,82.0,H,AlphaHelix,GLU,81.0,H,AlphaHelix
85,ILE,82.0,H,AlphaHelix,ILE,83.0,H,AlphaHelix,ILE,82.0,H,AlphaHelix
86,PHE,83.0,H,AlphaHelix,PHE,84.0,H,AlphaHelix,PHE,83.0,H,AlphaHelix
87,SER,84.0,H,AlphaHelix,SER,85.0,H,AlphaHelix,SER,84.0,H,AlphaHelix
88,ASN,85.0,H,AlphaHelix,ASN,86.0,H,AlphaHelix,ASN,85.0,H,AlphaHelix
89,GLU,86.0,H,AlphaHelix,GLU,87.0,H,AlphaHelix,GLU,86.0,H,AlphaHelix
90,MET,87.0,H,AlphaHelix,MET,88.0,H,AlphaHelix,MET,87.0,H,AlphaHelix
91,ALA,88.0,H,AlphaHelix,ALA,89.0,H,AlphaHelix,ALA,88.0,H,AlphaHelix
92,LYS,89.0,H,AlphaHelix,LYS,90.0,H,AlphaHelix,LYS,89.0,H,AlphaHelix
93,VAL,90.0,H,AlphaHelix,VAL,91.0,H,AlphaHelix,VAL,90.0,H,AlphaHelix
94,ASP,91.0,C,Coil,ASP,92.0,C,Coil,ASP,91.0,C,Coil
95,ASP,92.0,C,Coil,ASP,93.0,C,Coil,ASP,92.0,C,Coil
96,SER,93.0,H,AlphaHelix,SER,94.0,H,AlphaHelix,SER,93.0,H,AlphaHelix
97,PHE,94.0,H,AlphaHelix,PHE,95.0,H,AlphaHelix,PHE,94.0,H,AlphaHelix
98,PHE,95.0,H,AlphaHelix,PHE,96.0,H,AlphaHelix,PHE,95.0,H,AlphaHelix
99,HIS,96.0,H,AlphaHelix,HIS,97.0,H,AlphaHelix,HIS,96.0,H,AlphaHelix
100,ARG,97.0,H,AlphaHelix,ARG,98.0,H,AlphaHelix,ARG,97.0,H,AlphaHelix
101,LEU,98.0,C,Coil,LEU,99.0,H,AlphaHelix,LEU,98.0,H,AlphaHelix
102,GLU,99.0,C,Coil,GLU,100.0,H,AlphaHelix,GLU,99.0,H,AlphaHelix
103,,,,,GLU,101.0,T,Turn,GLU,100.0,H,AlphaHelix
104,,,,,SER,102.0,T,Turn,SER,101.0,T,Turn
105,,,,,PHE,103.0,T,Turn,PHE,102.0,T,Turn
106,,,,,LEU,104.0,T,Turn,LEU,103.0,T,Turn
107,,,,,VAL,105.0,T,Turn,VAL,104.0,C,Coil
108,,,,,GLU,106.0,T,Turn,GLU,105.0,G,310Helix
109,,,,,GLU,107.0,T,Turn,GLU,106.0,G,310Helix
110,,,,,ASP,108.0,T,Turn,ASP,107.0,G,310Helix
111,,,,,LYS,109.0,T,Turn,LYS,108.0,T,Turn
112,,,,,LYS,110.0,C,Coil,LYS,109.0,T,Turn
113,,,,,HIS,111.0,C,Coil,HIS,110.0,T,Turn
114,,,,,GLU,112.0,C,Coil,GLU,111.0,T,Turn
115,ARG,100.0,C,Coil,ARG,113.0,C,Coil,ARG,112.0,C,Coil
116,HIS,101.0,C,Coil,HIS,114.0,T,Turn,HIS,113.0,T,Turn
117,PRO,102.0,C,Coil,PRO,115.0,T,Turn,PRO,114.0,T,Turn
118,ILE,103.0,C,Coil,ILE,116.0,T,Turn,ILE,115.0,T,Turn
119,PHE,104.0,C,Coil,PHE,117.0,T,Turn,PHE,116.0,T,Turn
120,GLY,105.0,C,Coil,GLY,118.0,T,Turn,GLY,117.0,T,Turn
121,ASN,106.0,C,Coil,ASN,119.0,C,Coil,ASN,118.0,C,Coil
122,ILE,107.0,H,AlphaHelix,ILE,120.0,H,AlphaHelix,ILE,119.0,H,AlphaHelix
123,VAL,108.0,H,AlphaHelix,VAL,121.0,H,AlphaHelix,VAL,120.0,H,AlphaHelix
124,ASP,109.0,H,AlphaHelix,ASP,122.0,H,AlphaHelix,ASP,121.0,H,AlphaHelix
125,GLU,110.0,H,AlphaHelix,GLU,123.0,H,AlphaHelix,GLU,122.0,H,AlphaHelix
126,VAL,111.0,H,AlphaHelix,VAL,124.0,H,AlphaHelix,VAL,123.0,H,AlphaHelix
127,ALA,112.0,H,AlphaHelix,ALA,125.0,H,AlphaHelix,ALA,124.0,H,AlphaHelix
128,TYR,113.0,H,AlphaHelix,TYR,126.0,H,AlphaHelix,TYR,125.0,H,AlphaHelix
129,HIS,114.0,H,AlphaHelix,HIS,127.0,H,AlphaHelix,HIS,126.0,H,AlphaHelix
130,GLU,115.0,H,AlphaHelix,GLU,128.0,H,AlphaHelix,GLU,127.0,H,AlphaHelix
131,LYS,116.0,H,AlphaHelix,LYS,129.0,H,AlphaHelix,LYS,128.0,H,AlphaHelix
132,TYR,117.0,T,Turn,TYR,130.0,T,Turn,TYR,129.0,T,Turn
133,PRO,118.0,T,Turn,PRO,131.0,T,Turn,PRO,130.0,T,Turn
134,THR,119.0,T,Turn,THR,132.0,T,Turn,THR,131.0,T,Turn
135,ILE,120.0,H,AlphaHelix,ILE,133.0,H,AlphaHelix,ILE,132.0,H,AlphaHelix
136,TYR,121.0,H,AlphaHelix,TYR,134.0,H,AlphaHelix,TYR,133.0,H,AlphaHelix
137,HIS,122.0,H,AlphaHelix,HIS,135.0,H,AlphaHelix,HIS,134.0,H,AlphaHelix
138,LEU,123.0,H,AlphaHelix,LEU,136.0,H,AlphaHelix,LEU,135.0,H,AlphaHelix
139,ARG,124.0,H,AlphaHelix,ARG,137.0,H,AlphaHelix,ARG,136.0,H,AlphaHelix
140,LYS,125.0,H,AlphaHelix,LYS,138.0,H,AlphaHelix,LYS,137.0,H,AlphaHelix
141,LYS,126.0,H,AlphaHelix,LYS,139.0,H,AlphaHelix,LYS,138.0,H,AlphaHelix
142,LEU,127.0,H,AlphaHelix,LEU,140.0,H,AlphaHelix,LEU,139.0,H,AlphaHelix
143,VAL,128.0,H,AlphaHelix,VAL,141.0,H,AlphaHelix,VAL,140.0,H,AlphaHelix
144,ASP,129.0,H,AlphaHelix,ASP,142.0,H,AlphaHelix,ASP,141.0,H,AlphaHelix
145,SER,130.0,C,Coil,SER,143.0,C,Coil,SER,142.0,C,Coil
146,THR,131.0,C,Coil,THR,144.0,C,Coil,THR,143.0,C,Coil
147,ASP,132.0,C,Coil,ASP,145.0,C,Coil,ASP,144.0,C,Coil
148,LYS,133.0,C,Coil,LYS,146.0,C,Coil,LYS,145.0,C,Coil
149,ALA,134.0,C,Coil,ALA,147.0,C,Coil,ALA,146.0,C,Coil
150,ASP,135.0,C,Coil,ASP,148.0,C,Coil,ASP,147.0,C,Coil
151,LEU,136.0,H,AlphaHelix,LEU,149.0,H,AlphaHelix,LEU,148.0,H,AlphaHelix
152,ARG,137.0,H,AlphaHelix,ARG,150.0,H,AlphaHelix,ARG,149.0,H,AlphaHelix
153,LEU,138.0,H,AlphaHelix,LEU,151.0,H,AlphaHelix,LEU,150.0,H,AlphaHelix
154,ILE,139.0,H,AlphaHelix,ILE,152.0,H,AlphaHelix,ILE,151.0,H,AlphaHelix
155,TYR,140.0,H,AlphaHelix,TYR,153.0,H,AlphaHelix,TYR,152.0,H,AlphaHelix
156,LEU,141.0,H,AlphaHelix,LEU,154.0,H,AlphaHelix,LEU,153.0,H,AlphaHelix
157,ALA,142.0,H,AlphaHelix,ALA,155.0,H,AlphaHelix,ALA,154.0,H,AlphaHelix
158,LEU,143.0,H,AlphaHelix,LEU,156.0,H,AlphaHelix,LEU,155.0,H,AlphaHelix
159,ALA,144.0,H,AlphaHelix,ALA,157.0,H,AlphaHelix,ALA,156.0,H,AlphaHelix
160,HIS,145.0,H,AlphaHelix,HIS,158.0,H,AlphaHelix,HIS,157.0,H,AlphaHelix
161,MET,146.0,H,AlphaHelix,MET,159.0,H,AlphaHelix,MET,158.0,H,AlphaHelix
162,ILE,147.0,H,AlphaHelix,ILE,160.0,H,AlphaHelix,ILE,159.0,H,AlphaHelix
163,LYS,148.0,H,AlphaHelix,LYS,161.0,H,AlphaHelix,LYS,160.0,H,AlphaHelix
164,PHE,149.0,C,Coil,PHE,162.0,C,Coil,PHE,161.0,C,Coil
165,ARG,150.0,C,Coil,ARG,163.0,C,Coil,ARG,162.0,C,Coil
166,GLY,151.0,C,Coil,GLY,164.0,C,Coil,GLY,163.0,C,Coil
167,HIS,152.0,B,Bridge,HIS,165.0,B,Bridge,HIS,164.0,B,Bridge
168,PHE,153.0,T,Turn,PHE,166.0,C,Coil,PHE,165.0,C,Coil
169,LEU,154.0,T,Turn,LEU,167.0,C,Coil,LEU,166.0,C,Coil
170,ILE,155.0,T,Turn,ILE,168.0,C,Coil,ILE,167.0,C,Coil
171,GLU,156.0,T,Turn,GLU,169.0,C,Coil,GLU,168.0,C,Coil
172,GLY,157.0,C,Coil,GLY,170.0,C,Coil,GLY,169.0,C,Coil
173,ASP,158.0,C,Coil,ASP,171.0,C,Coil,ASP,170.0,C,Coil
174,LEU,159.0,C,Coil,LEU,172.0,C,Coil,LEU,171.0,C,Coil
175,ASN,160.0,C,Coil,ASN,173.0,T,Turn,ASN,172.0,C,Coil
176,PRO,161.0,G,310Helix,PRO,174.0,T,Turn,PRO,173.0,C,Coil
177,ASP,162.0,G,310Helix,ASP,175.0,T,Turn,ASP,174.0,C,Coil
178,ASN,163.0,G,310Helix,ASN,176.0,T,Turn,ASN,175.0,C,Coil
179,SER,164.0,G,310Helix,SER,177.0,T,Turn,SER,176.0,C,Coil
180,ASP,165.0,C,Coil,ASP,178.0,C,Coil,ASP,177.0,H,AlphaHelix
181,VAL,166.0,H,AlphaHelix,VAL,179.0,H,AlphaHelix,VAL,178.0,H,AlphaHelix
182,ASP,167.0,H,AlphaHelix,ASP,180.0,H,AlphaHelix,ASP,179.0,H,AlphaHelix
183,LYS,168.0,H,AlphaHelix,LYS,181.0,H,AlphaHelix,LYS,180.0,H,AlphaHelix
184,LEU,169.0,H,AlphaHelix,LEU,182.0,H,AlphaHelix,LEU,181.0,H,AlphaHelix
185,PHE,170.0,H,AlphaHelix,PHE,183.0,H,AlphaHelix,PHE,182.0,H,AlphaHelix
186,ILE,171.0,H,AlphaHelix,ILE,184.0,H,AlphaHelix,ILE,183.0,H,AlphaHelix
187,GLN,172.0,H,AlphaHelix,GLN,185.0,H,AlphaHelix,GLN,184.0,H,AlphaHelix
188,LEU,173.0,H,AlphaHelix,LEU,186.0,H,AlphaHelix,LEU,185.0,H,AlphaHelix
189,VAL,174.0,H,AlphaHelix,VAL,187.0,H,AlphaHelix,VAL,186.0,H,AlphaHelix
190,GLN,175.0,H,AlphaHelix,GLN,188.0,H,AlphaHelix,GLN,187.0,H,AlphaHelix
191,THR,176.0,H,AlphaHelix,THR,189.0,H,AlphaHelix,THR,188.0,H,AlphaHelix
192,TYR,177.0,H,AlphaHelix,TYR,190.0,H,AlphaHelix,TYR,189.0,H,AlphaHelix
193,ASN,178.0,H,AlphaHelix,ASN,191.0,H,AlphaHelix,ASN,190.0,H,AlphaHelix
194,GLN,179.0,H,AlphaHelix,GLN,192.0,H,AlphaHelix,GLN,191.0,H,AlphaHelix
195,LEU,180.0,H,AlphaHelix,LEU,193.0,H,AlphaHelix,LEU,192.0,H,AlphaHelix
196,PHE,181.0,T,Turn,PHE,194.0,T,Turn,PHE,193.0,T,Turn
197,GLU,182.0,T,Turn,GLU,195.0,T,Turn,GLU,194.0,T,Turn
198,GLU,183.0,T,Turn,GLU,196.0,T,Turn,GLU,195.0,T,Turn
199,ASN,184.0,T,Turn,ASN,197.0,T,Turn,ASN,196.0,T,Turn
200,PRO,185.0,T,Turn,PRO,198.0,T,Turn,PRO,197.0,T,Turn
201,ILE,186.0,C,Coil,ILE,199.0,C,Coil,ILE,198.0,C,Coil
202,ASN,187.0,C,Coil,ASN,200.0,C,Coil,ASN,199.0,C,Coil
203,ALA,188.0,T,Turn,ALA,201.0,T,Turn,ALA,200.0,T,Turn
204,SER,189.0,T,Turn,SER,202.0,T,Turn,SER,201.0,T,Turn
205,GLY,190.0,T,Turn,GLY,203.0,T,Turn,GLY,202.0,T,Turn
206,VAL,191.0,T,Turn,VAL,204.0,T,Turn,VAL,203.0,T,Turn
207,ASP,192.0,C,Coil,ASP,205.0,C,Coil,ASP,204.0,T,Turn
208,ALA,193.0,H,AlphaHelix,ALA,206.0,H,AlphaHelix,ALA,205.0,H,AlphaHelix
209,LYS,194.0,H,AlphaHelix,LYS,207.0,H,AlphaHelix,LYS,206.0,H,AlphaHelix
210,ALA,195.0,H,AlphaHelix,ALA,208.0,H,AlphaHelix,ALA,207.0,H,AlphaHelix
211,ILE,196.0,H,AlphaHelix,ILE,209.0,H,AlphaHelix,ILE,208.0,H,AlphaHelix
212,LEU,197.0,H,AlphaHelix,LEU,210.0,H,AlphaHelix,LEU,209.0,H,AlphaHelix
213,SER,198.0,H,AlphaHelix,SER,211.0,H,AlphaHelix,SER,210.0,H,AlphaHelix
214,ALA,199.0,C,Coil,ALA,212.0,C,Coil,ALA,211.0,C,Coil
215,ARG,200.0,C,Coil,ARG,213.0,C,Coil,ARG,212.0,C,Coil
216,LEU,201.0,C,Coil,LEU,214.0,C,Coil,LEU,213.0,C,Coil
217,SER,202.0,C,Coil,SER,215.0,C,Coil,SER,214.0,C,Coil
218,LYS,203.0,H,AlphaHelix,LYS,216.0,H,AlphaHelix,LYS,215.0,H,AlphaHelix
219,SER,204.0,H,AlphaHelix,SER,217.0,H,AlphaHelix,SER,216.0,H,AlphaHelix
220,ARG,205.0,H,AlphaHelix,ARG,218.0,H,AlphaHelix,ARG,217.0,H,AlphaHelix
221,ARG,206.0,H,AlphaHelix,ARG,219.0,H,AlphaHelix,ARG,218.0,H,AlphaHelix
222,LEU,207.0,H,AlphaHelix,LEU,220.0,H,AlphaHelix,LEU,219.0,H,AlphaHelix
223,GLU,208.0,H,AlphaHelix,GLU,221.0,H,AlphaHelix,GLU,220.0,H,AlphaHelix
224,ASN,209.0,H,AlphaHelix,ASN,222.0,H,AlphaHelix,ASN,221.0,H,AlphaHelix
225,LEU,210.0,H,AlphaHelix,LEU,223.0,H,AlphaHelix,LEU,222.0,H,AlphaHelix
226,ILE,211.0,H,AlphaHelix,ILE,224.0,H,AlphaHelix,ILE,223.0,H,AlphaHelix
227,ALA,212.0,H,AlphaHelix,ALA,225.0,H,AlphaHelix,ALA,224.0,H,AlphaHelix
228,GLN,213.0,H,AlphaHelix,GLN,226.0,H,AlphaHelix,GLN,225.0,H,AlphaHelix
229,LEU,214.0,T,Turn,LEU,227.0,T,Turn,LEU,226.0,T,Turn
230,PRO,215.0,T,Turn,PRO,228.0,T,Turn,PRO,227.0,T,Turn
231,GLY,216.0,T,Turn,GLY,229.0,T,Turn,GLY,228.0,T,Turn
232,GLU,217.0,T,Turn,GLU,230.0,T,Turn,GLU,229.0,T,Turn
233,LYS,218.0,T,Turn,LYS,231.0,T,Turn,LYS,230.0,T,Turn
234,LYS,219.0,T,Turn,LYS,232.0,T,Turn,LYS,231.0,T,Turn
235,ASN,220.0,T,Turn,ASN,233.0,T,Turn,ASN,232.0,T,Turn
236,GLY,221.0,T,Turn,GLY,234.0,T,Turn,GLY,233.0,T,Turn
237,LEU,222.0,H,AlphaHelix,LEU,235.0,H,AlphaHelix,LEU,234.0,H,AlphaHelix
238,PHE,223.0,H,AlphaHelix,PHE,236.0,H,AlphaHelix,PHE,235.0,H,AlphaHelix
239,GLY,224.0,H,AlphaHelix,GLY,237.0,H,AlphaHelix,GLY,236.0,H,AlphaHelix
240,ASN,225.0,H,AlphaHelix,ASN,238.0,H,AlphaHelix,ASN,237.0,H,AlphaHelix
241,LEU,226.0,H,AlphaHelix,LEU,239.0,H,AlphaHelix,LEU,238.0,H,AlphaHelix
242,ILE,227.0,H,AlphaHelix,ILE,240.0,H,AlphaHelix,ILE,239.0,H,AlphaHelix
243,ALA,228.0,H,AlphaHelix,ALA,241.0,H,AlphaHelix,ALA,240.0,H,AlphaHelix
244,LEU,229.0,H,AlphaHelix,LEU,242.0,H,AlphaHelix,LEU,241.0,H,AlphaHelix
245,SER,230.0,H,AlphaHelix,SER,243.0,H,AlphaHelix,SER,242.0,H,AlphaHelix
246,LEU,231.0,H,AlphaHelix,LEU,244.0,H,AlphaHelix,LEU,243.0,H,AlphaHelix
247,GLY,232.0,C,Coil,GLY,245.0,C,Coil,GLY,244.0,C,Coil
248,LEU,233.0,C,Coil,LEU,246.0,C,Coil,LEU,245.0,C,Coil
249,THR,234.0,C,Coil,THR,247.0,C,Coil,THR,246.0,C,Coil
250,PRO,235.0,C,Coil,PRO,248.0,C,Coil,PRO,247.0,C,Coil
251,ASN,236.0,B,Bridge,ASN,249.0,B,Bridge,ASN,248.0,B,Bridge
252,PHE,237.0,C,Coil,PHE,250.0,T,Turn,PHE,249.0,C,Coil
253,LYS,238.0,G,310Helix,LYS,251.0,T,Turn,LYS,250.0,G,310Helix
254,SER,239.0,G,310Helix,SER,252.0,T,Turn,SER,251.0,G,310Helix
255,ASN,240.0,G,310Helix,ASN,253.0,T,Turn,ASN,252.0,G,310Helix
256,PHE,241.0,C,Coil,PHE,254.0,T,Turn,PHE,253.0,C,Coil
257,ASP,242.0,C,Coil,ASP,255.0,T,Turn,ASP,254.0,C,Coil
258,LEU,243.0,C,Coil,LEU,256.0,C,Coil,LEU,255.0,C,Coil
259,ALA,244.0,C,Coil,ALA,257.0,C,Coil,ALA,256.0,C,Coil
260,GLU,245.0,C,Coil,GLU,258.0,C,Coil,GLU,257.0,C,Coil
261,ASP,246.0,C,Coil,ASP,259.0,C,Coil,ASP,258.0,C,Coil
262,ALA,247.0,C,Coil,ALA,260.0,C,Coil,ALA,259.0,C,Coil
263,LYS,248.0,B,Bridge,LYS,261.0,B,Bridge,LYS,260.0,B,Bridge
264,LEU,249.0,C,Coil,LEU,262.0,C,Coil,LEU,261.0,C,Coil
265,GLN,250.0,T,Turn,GLN,263.0,T,Turn,GLN,262.0,T,Turn
266,LEU,251.0,T,Turn,LEU,264.0,T,Turn,LEU,263.0,T,Turn
267,SER,252.0,T,Turn,SER,265.0,T,Turn,SER,264.0,T,Turn
268,LYS,253.0,T,Turn,LYS,266.0,T,Turn,LYS,265.0,T,Turn
269,ASP,254.0,C,Coil,ASP,267.0,C,Coil,ASP,266.0,C,Coil
270,THR,255.0,H,AlphaHelix,THR,268.0,H,AlphaHelix,THR,267.0,H,AlphaHelix
271,TYR,256.0,H,AlphaHelix,TYR,269.0,H,AlphaHelix,TYR,268.0,H,AlphaHelix
272,ASP,257.0,H,AlphaHelix,ASP,270.0,H,AlphaHelix,ASP,269.0,H,AlphaHelix
273,ASP,258.0,H,AlphaHelix,ASP,271.0,H,AlphaHelix,ASP,270.0,H,AlphaHelix
274,ASP,259.0,H,AlphaHelix,ASP,272.0,H,AlphaHelix,ASP,271.0,H,AlphaHelix
275,LEU,260.0,H,AlphaHelix,LEU,273.0,H,AlphaHelix,LEU,272.0,H,AlphaHelix
276,ASP,261.0,H,AlphaHelix,ASP,274.0,H,AlphaHelix,ASP,273.0,H,AlphaHelix
277,ASN,262.0,H,AlphaHelix,ASN,275.0,H,AlphaHelix,ASN,274.0,H,AlphaHelix
278,LEU,263.0,H,AlphaHelix,LEU,276.0,H,AlphaHelix,LEU,275.0,H,AlphaHelix
279,LEU,264.0,H,AlphaHelix,LEU,277.0,H,AlphaHelix,LEU,276.0,H,AlphaHelix
280,ALA,265.0,H,AlphaHelix,ALA,278.0,H,AlphaHelix,ALA,277.0,H,AlphaHelix
281,GLN,266.0,H,AlphaHelix,GLN,279.0,H,AlphaHelix,GLN,278.0,H,AlphaHelix
282,ILE,267.0,H,AlphaHelix,ILE,280.0,H,AlphaHelix,ILE,279.0,H,AlphaHelix
283,GLY,268.0,C,Coil,GLY,281.0,T,Turn,GLY,280.0,C,Coil
284,ASP,269.0,G,310Helix,ASP,282.0,T,Turn,ASP,281.0,G,310Helix
285,GLN,270.0,G,310Helix,GLN,283.0,T,Turn,GLN,282.0,G,310Helix
286,TYR,271.0,G,310Helix,TYR,284.0,H,AlphaHelix,TYR,283.0,G,310Helix
287,ALA,272.0,H,AlphaHelix,ALA,285.0,H,AlphaHelix,ALA,284.0,H,AlphaHelix
288,ASP,273.0,H,AlphaHelix,ASP,286.0,H,AlphaHelix,ASP,285.0,H,AlphaHelix
289,LEU,274.0,H,AlphaHelix,LEU,287.0,H,AlphaHelix,LEU,286.0,H,AlphaHelix
290,PHE,275.0,H,AlphaHelix,PHE,288.0,H,AlphaHelix,PHE,287.0,H,AlphaHelix
291,LEU,276.0,H,AlphaHelix,LEU,289.0,H,AlphaHelix,LEU,288.0,H,AlphaHelix
292,ALA,277.0,H,AlphaHelix,ALA,290.0,H,AlphaHelix,ALA,289.0,H,AlphaHelix
293,ALA,278.0,H,AlphaHelix,ALA,291.0,H,AlphaHelix,ALA,290.0,H,AlphaHelix
294,LYS,279.0,H,AlphaHelix,LYS,292.0,H,AlphaHelix,LYS,291.0,H,AlphaHelix
295,ASN,280.0,H,AlphaHelix,ASN,293.0,H,AlphaHelix,ASN,292.0,H,AlphaHelix
296,LEU,281.0,H,AlphaHelix,LEU,294.0,H,AlphaHelix,LEU,293.0,H,AlphaHelix
297,SER,282.0,H,AlphaHelix,SER,295.0,H,AlphaHelix,SER,294.0,H,AlphaHelix
298,ASP,283.0,H,AlphaHelix,ASP,296.0,H,AlphaHelix,ASP,295.0,H,AlphaHelix
299,ALA,284.0,H,AlphaHelix,ALA,297.0,H,AlphaHelix,ALA,296.0,H,AlphaHelix
300,ILE,285.0,H,AlphaHelix,ILE,298.0,H,AlphaHelix,ILE,297.0,C,Coil
301,LEU,286.0,H,AlphaHelix,LEU,299.0,H,AlphaHelix,LEU,298.0,C,Coil
302,LEU,287.0,H,AlphaHelix,LEU,300.0,H,AlphaHelix,LEU,299.0,H,AlphaHelix
303,SER,288.0,H,AlphaHelix,SER,301.0,H,AlphaHelix,SER,300.0,H,AlphaHelix
304,ASP,289.0,H,AlphaHelix,ASP,302.0,H,AlphaHelix,ASP,301.0,H,AlphaHelix
305,ILE,290.0,H,AlphaHelix,ILE,303.0,H,AlphaHelix,ILE,302.0,H,AlphaHelix
306,LEU,291.0,H,AlphaHelix,LEU,304.0,C,Coil,LEU,303.0,H,AlphaHelix
307,ARG,292.0,H,AlphaHelix,ARG,305.0,T,Turn,ARG,304.0,C,Coil
308,,,,,,,,,VAL,305.0,C,Coil
309,,,,,,,,,ASN,306.0,T,Turn
310,,,,,,,,,THR,307.0,T,Turn
311,,,,,,,,,GLU,308.0,T,Turn
312,,,,,,,,,ILE,309.0,T,Turn
313,,,,,,,,,THR,310.0,T,Turn
314,LYS,293.0,C,Coil,LYS,306.0,T,Turn,LYS,311.0,T,Turn
315,ALA,294.0,C,Coil,ALA,307.0,T,Turn,ALA,312.0,T,Turn
316,PRO,295.0,H,AlphaHelix,PRO,308.0,H,AlphaHelix,PRO,313.0,H,AlphaHelix
317,LEU,296.0,H,AlphaHelix,LEU,309.0,H,AlphaHelix,LEU,314.0,H,AlphaHelix
318,SER,297.0,H,AlphaHelix,SER,310.0,H,AlphaHelix,SER,315.0,H,AlphaHelix
319,ALA,298.0,H,AlphaHelix,ALA,311.0,H,AlphaHelix,ALA,316.0,H,AlphaHelix
320,SER,299.0,H,AlphaHelix,SER,312.0,H,AlphaHelix,SER,317.0,H,AlphaHelix
321,MET,300.0,H,AlphaHelix,MET,313.0,H,AlphaHelix,MET,318.0,H,AlphaHelix
322,ILE,301.0,H,AlphaHelix,ILE,314.0,H,AlphaHelix,ILE,319.0,H,AlphaHelix
323,LYS,302.0,H,AlphaHelix,LYS,315.0,H,AlphaHelix,LYS,320.0,H,AlphaHelix
324,ARG,303.0,H,AlphaHelix,ARG,316.0,H,AlphaHelix,ARG,321.0,H,AlphaHelix
325,TYR,304.0,H,AlphaHelix,TYR,317.0,H,AlphaHelix,TYR,322.0,H,AlphaHelix
326,ASP,305.0,H,AlphaHelix,ASP,318.0,H,AlphaHelix,ASP,323.0,H,AlphaHelix
327,GLU,306.0,H,AlphaHelix,GLU,319.0,H,AlphaHelix,GLU,324.0,H,AlphaHelix
328,HIS,307.0,H,AlphaHelix,HIS,320.0,H,AlphaHelix,HIS,325.0,H,AlphaHelix
329,HIS,308.0,H,AlphaHelix,HIS,321.0,H,AlphaHelix,HIS,326.0,H,AlphaHelix
330,GLN,309.0,H,AlphaHelix,GLN,322.0,H,AlphaHelix,GLN,327.0,H,AlphaHelix
331,ASP,310.0,H,AlphaHelix,ASP,323.0,H,AlphaHelix,ASP,328.0,H,AlphaHelix
332,LEU,311.0,H,AlphaHelix,LEU,324.0,H,AlphaHelix,LEU,329.0,H,AlphaHelix
333,THR,312.0,H,AlphaHelix,THR,325.0,H,AlphaHelix,THR,330.0,H,AlphaHelix
334,LEU,313.0,H,AlphaHelix,LEU,326.0,H,AlphaHelix,LEU,331.0,H,AlphaHelix
335,LEU,314.0,H,AlphaHelix,LEU,327.0,H,AlphaHelix,LEU,332.0,H,AlphaHelix
336,LYS,315.0,H,AlphaHelix,LYS,328.0,H,AlphaHelix,LYS,333.0,H,AlphaHelix
337,ALA,316.0,H,AlphaHelix,ALA,329.0,H,AlphaHelix,ALA,334.0,H,AlphaHelix
338,LEU,317.0,H,AlphaHelix,LEU,330.0,H,AlphaHelix,LEU,335.0,H,AlphaHelix
339,VAL,318.0,H,AlphaHelix,VAL,331.0,H,AlphaHelix,VAL,336.0,H,AlphaHelix
340,ARG,319.0,H,AlphaHelix,ARG,332.0,H,AlphaHelix,ARG,337.0,H,AlphaHelix
341,GLN,320.0,H,AlphaHelix,GLN,333.0,H,AlphaHelix,GLN,338.0,H,AlphaHelix
342,GLN,321.0,H,AlphaHelix,GLN,334.0,H,AlphaHelix,GLN,339.0,H,AlphaHelix
343,LEU,322.0,C,Coil,LEU,335.0,C,Coil,LEU,340.0,C,Coil
344,PRO,323.0,H,AlphaHelix,PRO,336.0,G,310Helix,PRO,341.0,G,310Helix
345,GLU,324.0,H,AlphaHelix,GLU,337.0,G,310Helix,GLU,342.0,G,310Helix
346,LYS,325.0,H,AlphaHelix,LYS,338.0,G,310Helix,LYS,343.0,G,310Helix
347,TYR,326.0,H,AlphaHelix,TYR,339.0,H,AlphaHelix,TYR,344.0,H,AlphaHelix
348,LYS,327.0,H,AlphaHelix,LYS,340.0,H,AlphaHelix,LYS,345.0,H,AlphaHelix
349,GLU,328.0,H,AlphaHelix,GLU,341.0,H,AlphaHelix,GLU,346.0,H,AlphaHelix
350,ILE,329.0,H,AlphaHelix,ILE,342.0,H,AlphaHelix,ILE,347.0,H,AlphaHelix
351,PHE,330.0,H,AlphaHelix,PHE,343.0,H,AlphaHelix,PHE,348.0,H,AlphaHelix
352,PHE,331.0,H,AlphaHelix,PHE,344.0,H,AlphaHelix,PHE,349.0,H,AlphaHelix
353,ASP,332.0,H,AlphaHelix,ASP,345.0,T,Turn,ASP,350.0,T,Turn
354,GLN,333.0,T,Turn,GLN,346.0,T,Turn,GLN,351.0,T,Turn
355,SER,334.0,T,Turn,SER,347.0,T,Turn,SER,352.0,T,Turn
356,LYS,335.0,T,Turn,LYS,348.0,T,Turn,LYS,353.0,T,Turn
357,ASN,336.0,C,Coil,ASN,349.0,C,Coil,ASN,354.0,T,Turn
358,GLY,337.0,C,Coil,GLY,350.0,C,Coil,GLY,355.0,C,Coil
359,TYR,338.0,H,AlphaHelix,TYR,351.0,H,AlphaHelix,TYR,356.0,H,AlphaHelix
360,ALA,339.0,H,AlphaHelix,ALA,352.0,H,AlphaHelix,ALA,357.0,H,AlphaHelix
361,GLY,340.0,H,AlphaHelix,GLY,353.0,H,AlphaHelix,GLY,358.0,H,AlphaHelix
362,TYR,341.0,H,AlphaHelix,TYR,354.0,H,AlphaHelix,TYR,359.0,H,AlphaHelix
363,ILE,342.0,H,AlphaHelix,ILE,355.0,H,AlphaHelix,ILE,360.0,H,AlphaHelix
364,ASP,343.0,H,AlphaHelix,ASP,356.0,H,AlphaHelix,ASP,361.0,H,AlphaHelix
365,GLY,344.0,C,Coil,GLY,357.0,H,AlphaHelix,GLY,362.0,C,Coil
366,GLY,345.0,C,Coil,GLY,358.0,C,Coil,GLY,363.0,C,Coil
367,ALA,346.0,C,Coil,ALA,359.0,C,Coil,ALA,364.0,C,Coil
368,SER,347.0,C,Coil,SER,360.0,C,Coil,SER,365.0,C,Coil
369,GLN,348.0,H,AlphaHelix,GLN,361.0,H,AlphaHelix,GLN,366.0,H,AlphaHelix
370,GLU,349.0,H,AlphaHelix,GLU,362.0,H,AlphaHelix,GLU,367.0,H,AlphaHelix
371,GLU,350.0,H,AlphaHelix,GLU,363.0,H,AlphaHelix,GLU,368.0,H,AlphaHelix
372,PHE,351.0,H,AlphaHelix,PHE,364.0,H,AlphaHelix,PHE,369.0,H,AlphaHelix
373,TYR,352.0,H,AlphaHelix,TYR,365.0,H,AlphaHelix,TYR,370.0,H,AlphaHelix
374,LYS,353.0,H,AlphaHelix,LYS,366.0,H,AlphaHelix,LYS,371.0,H,AlphaHelix
375,PHE,354.0,H,AlphaHelix,PHE,367.0,H,AlphaHelix,PHE,372.0,H,AlphaHelix
376,ILE,355.0,H,AlphaHelix,ILE,368.0,H,AlphaHelix,ILE,373.0,H,AlphaHelix
377,LYS,356.0,H,AlphaHelix,LYS,369.0,H,AlphaHelix,LYS,374.0,H,AlphaHelix
378,PRO,357.0,H,AlphaHelix,PRO,370.0,H,AlphaHelix,PRO,375.0,H,AlphaHelix
379,ILE,358.0,H,AlphaHelix,ILE,371.0,H,AlphaHelix,ILE,376.0,H,AlphaHelix
380,LEU,359.0,H,AlphaHelix,LEU,372.0,H,AlphaHelix,LEU,377.0,H,AlphaHelix
381,GLU,360.0,H,AlphaHelix,GLU,373.0,H,AlphaHelix,GLU,378.0,H,AlphaHelix
382,LYS,361.0,H,AlphaHelix,LYS,374.0,H,AlphaHelix,LYS,379.0,H,AlphaHelix
383,MET,362.0,H,AlphaHelix,MET,375.0,T,Turn,MET,380.0,C,Coil
384,ASP,363.0,T,Turn,ASP,376.0,T,Turn,ASP,381.0,C,Coil
385,GLY,364.0,T,Turn,GLY,377.0,T,Turn,,,,
386,THR,365.0,T,Turn,THR,378.0,H,AlphaHelix,THR,382.0,H,AlphaHelix
387,GLU,366.0,H,AlphaHelix,GLU,379.0,H,AlphaHelix,GLU,383.0,H,AlphaHelix
388,GLU,367.0,H,AlphaHelix,GLU,380.0,H,AlphaHelix,GLU,384.0,H,AlphaHelix
389,LEU,368.0,H,AlphaHelix,LEU,381.0,H,AlphaHelix,LEU,385.0,H,AlphaHelix
390,LEU,369.0,H,AlphaHelix,LEU,382.0,H,AlphaHelix,LEU,386.0,H,AlphaHelix
391,VAL,370.0,H,AlphaHelix,VAL,383.0,H,AlphaHelix,VAL,387.0,H,AlphaHelix
392,LYS,371.0,H,AlphaHelix,LYS,384.0,H,AlphaHelix,LYS,388.0,H,AlphaHelix
393,LEU,372.0,H,AlphaHelix,LEU,385.0,H,AlphaHelix,LEU,389.0,H,AlphaHelix
394,ASN,373.0,H,AlphaHelix,ASN,386.0,H,AlphaHelix,ASN,390.0,H,AlphaHelix
395,ARG,374.0,H,AlphaHelix,ARG,387.0,H,AlphaHelix,ARG,391.0,H,AlphaHelix
396,GLU,375.0,C,Coil,GLU,388.0,C,Coil,GLU,392.0,C,Coil
397,ASP,376.0,T,Turn,ASP,389.0,T,Turn,ASP,393.0,T,Turn
398,LEU,377.0,T,Turn,LEU,390.0,T,Turn,LEU,394.0,T,Turn
399,LEU,378.0,T,Turn,LEU,391.0,T,Turn,LEU,395.0,T,Turn
400,ARG,379.0,T,Turn,ARG,392.0,T,Turn,ARG,396.0,T,Turn
401,LYS,380.0,T,Turn,LYS,393.0,T,Turn,LYS,397.0,T,Turn
402,GLN,381.0,T,Turn,GLN,394.0,T,Turn,GLN,398.0,T,Turn
403,ARG,382.0,T,Turn,ARG,395.0,T,Turn,ARG,399.0,T,Turn
404,THR,383.0,T,Turn,THR,396.0,T,Turn,THR,400.0,T,Turn
405,PHE,384.0,T,Turn,PHE,397.0,T,Turn,PHE,401.0,T,Turn
406,ASP,385.0,T,Turn,ASP,398.0,T,Turn,ASP,402.0,T,Turn
407,ASN,386.0,T,Turn,ASN,399.0,T,Turn,ASN,403.0,T,Turn
408,GLY,387.0,T,Turn,GLY,400.0,T,Turn,GLY,404.0,T,Turn
409,SER,388.0,C,Coil,SER,401.0,T,Turn,SER,405.0,T,Turn
410,ILE,389.0,C,Coil,ILE,402.0,T,Turn,ILE,406.0,T,Turn
411,PRO,390.0,B,Bridge,PRO,403.0,B,Bridge,PRO,407.0,B,Bridge
412,HIS,391.0,H,AlphaHelix,HIS,404.0,H,AlphaHelix,HIS,408.0,H,AlphaHelix
413,GLN,392.0,H,AlphaHelix,GLN,405.0,H,AlphaHelix,GLN,409.0,H,AlphaHelix
414,ILE,393.0,H,AlphaHelix,ILE,406.0,H,AlphaHelix,ILE,410.0,H,AlphaHelix
415,HIS,394.0,H,AlphaHelix,HIS,407.0,H,AlphaHelix,HIS,411.0,H,AlphaHelix
416,LEU,395.0,H,AlphaHelix,LEU,408.0,H,AlphaHelix,LEU,412.0,H,AlphaHelix
417,GLY,396.0,H,AlphaHelix,GLY,409.0,H,AlphaHelix,GLY,413.0,H,AlphaHelix
418,GLU,397.0,H,AlphaHelix,GLU,410.0,H,AlphaHelix,GLU,414.0,H,AlphaHelix
419,LEU,398.0,H,AlphaHelix,LEU,411.0,H,AlphaHelix,LEU,415.0,H,AlphaHelix
420,HIS,399.0,H,AlphaHelix,HIS,412.0,H,AlphaHelix,HIS,416.0,H,AlphaHelix
421,ALA,400.0,H,AlphaHelix,ALA,413.0,H,AlphaHelix,ALA,417.0,H,AlphaHelix
422,ILE,401.0,H,AlphaHelix,ILE,414.0,H,AlphaHelix,ILE,418.0,H,AlphaHelix
423,LEU,402.0,H,AlphaHelix,LEU,415.0,H,AlphaHelix,LEU,419.0,H,AlphaHelix
424,ARG,403.0,H,AlphaHelix,ARG,416.0,H,AlphaHelix,ARG,420.0,H,AlphaHelix
425,ARG,404.0,H,AlphaHelix,ARG,417.0,H,AlphaHelix,ARG,421.0,H,AlphaHelix
426,GLN,405.0,H,AlphaHelix,GLN,418.0,H,AlphaHelix,GLN,422.0,H,AlphaHelix
427,GLU,406.0,G,310Helix,GLU,419.0,T,Turn,GLU,423.0,H,AlphaHelix
428,ASP,407.0,G,310Helix,ASP,420.0,T,Turn,ASP,424.0,T,Turn
429,PHE,408.0,G,310Helix,PHE,421.0,T,Turn,PHE,425.0,T,Turn
430,TYR,409.0,C,Coil,TYR,422.0,T,Turn,TYR,426.0,T,Turn
431,PRO,410.0,H,AlphaHelix,PRO,423.0,H,AlphaHelix,PRO,427.0,H,AlphaHelix
432,PHE,411.0,H,AlphaHelix,PHE,424.0,H,AlphaHelix,PHE,428.0,H,AlphaHelix
433,LEU,412.0,H,AlphaHelix,LEU,425.0,H,AlphaHelix,LEU,429.0,H,AlphaHelix
434,LYS,413.0,H,AlphaHelix,LYS,426.0,H,AlphaHelix,LYS,430.0,H,AlphaHelix
435,ASP,414.0,H,AlphaHelix,ASP,427.0,H,AlphaHelix,ASP,431.0,H,AlphaHelix
436,ASN,415.0,H,AlphaHelix,ASN,428.0,H,AlphaHelix,ASN,432.0,H,AlphaHelix
437,ARG,416.0,H,AlphaHelix,ARG,429.0,H,AlphaHelix,ARG,433.0,H,AlphaHelix
438,GLU,417.0,H,AlphaHelix,GLU,430.0,H,AlphaHelix,GLU,434.0,H,AlphaHelix
439,LYS,418.0,H,AlphaHelix,LYS,431.0,H,AlphaHelix,LYS,435.0,H,AlphaHelix
440,ILE,419.0,H,AlphaHelix,ILE,432.0,H,AlphaHelix,ILE,436.0,H,AlphaHelix
441,GLU,420.0,H,AlphaHelix,GLU,433.0,H,AlphaHelix,GLU,437.0,H,AlphaHelix
442,LYS,421.0,H,AlphaHelix,LYS,434.0,H,AlphaHelix,LYS,438.0,H,AlphaHelix
443,ILE,422.0,H,AlphaHelix,ILE,435.0,H,AlphaHelix,ILE,439.0,H,AlphaHelix
444,LEU,423.0,H,AlphaHelix,LEU,436.0,H,AlphaHelix,LEU,440.0,H,AlphaHelix
445,THR,424.0,H,AlphaHelix,THR,437.0,H,AlphaHelix,THR,441.0,H,AlphaHelix
446,PHE,425.0,C,Coil,PHE,438.0,C,Coil,PHE,442.0,C,Coil
447,ARG,426.0,C,Coil,ARG,439.0,C,Coil,ARG,443.0,C,Coil
448,,,,,ILE,440.0,C,Coil,ILE,444.0,C,Coil
449,,,,,PRO,441.0,T,Turn,PRO,445.0,T,Turn
450,,,,,TYR,442.0,T,Turn,TYR,446.0,T,Turn
451,,,,,TYR,443.0,T,Turn,TYR,447.0,T,Turn
452,,,,,VAL,444.0,T,Turn,VAL,448.0,T,Turn
453,,,,,GLY,445.0,T,Turn,GLY,449.0,T,Turn
454,,,,,PRO,446.0,C,Coil,PRO,450.0,C,Coil
455,,,,,LEU,447.0,C,Coil,LEU,451.0,C,Coil
456,,,,,ALA,448.0,T,Turn,ALA,452.0,T,Turn
457,,,,,ARG,449.0,T,Turn,ARG,453.0,T,Turn
458,,,,,GLY,450.0,T,Turn,GLY,454.0,T,Turn
459,,,,,ASN,451.0,T,Turn,ASN,455.0,T,Turn
460,,,,,SER,452.0,T,Turn,SER,456.0,T,Turn
461,,,,,ARG,453.0,T,Turn,ARG,457.0,T,Turn
462,,,,,PHE,454.0,T,Turn,PHE,458.0,T,Turn
463,,,,,ALA,455.0,T,Turn,ALA,459.0,T,Turn
464,,,,,TRP,456.0,C,Coil,TRP,460.0,C,Coil
465,,,,,MET,457.0,C,Coil,MET,461.0,C,Coil
466,,,,,THR,458.0,C,Coil,THR,462.0,C,Coil
467,,,,,ARG,459.0,B,Bridge,ARG,463.0,B,Bridge
468,,,,,LYS,460.0,C,Coil,LYS,464.0,T,Turn
469,,,,,SER,461.0,C,Coil,SER,465.0,T,Turn
470,,,,,GLU,462.0,C,Coil,GLU,466.0,T,Turn
471,,,,,GLU,463.0,C,Coil,GLU,467.0,C,Coil
472,,,,,THR,464.0,C,Coil,THR,468.0,C,Coil
473,,,,,ILE,465.0,C,Coil,ILE,469.0,C,Coil
474,,,,,THR,466.0,T,Turn,THR,470.0,T,Turn
475,,,,,PRO,467.0,T,Turn,PRO,471.0,T,Turn
476,,,,,TRP,468.0,T,Turn,TRP,472.0,T,Turn
477,,,,,ASN,469.0,H,AlphaHelix,ASN,473.0,H,AlphaHelix
478,,,,,PHE,470.0,H,AlphaHelix,PHE,474.0,H,AlphaHelix
479,,,,,GLU,471.0,H,AlphaHelix,GLU,475.0,H,AlphaHelix
480,,,,,GLU,472.0,H,AlphaHelix,GLU,476.0,H,AlphaHelix
481,,,,,VAL,473.0,H,AlphaHelix,VAL,477.0,H,AlphaHelix
482,,,,,VAL,474.0,B,Bridge,VAL,478.0,B,Bridge
483,,,,,ASP,475.0,C,Coil,ASP,479.0,C,Coil
484,,,,,LYS,476.0,H,AlphaHelix,LYS,480.0,H,AlphaHelix
485,,,,,GLY,477.0,H,AlphaHelix,GLY,481.0,H,AlphaHelix
486,,,,,ALA,478.0,H,AlphaHelix,ALA,482.0,H,AlphaHelix
487,,,,,SER,479.0,H,AlphaHelix,SER,483.0,H,AlphaHelix
488,,,,,ALA,480.0,H,AlphaHelix,ALA,484.0,H,AlphaHelix
489,,,,,GLN,481.0,H,AlphaHelix,GLN,485.0,H,AlphaHelix
490,,,,,SER,482.0,H,AlphaHelix,SER,486.0,H,AlphaHelix
491,,,,,PHE,483.0,H,AlphaHelix,PHE,487.0,H,AlphaHelix
492,,,,,ILE,484.0,H,AlphaHelix,ILE,488.0,H,AlphaHelix
493,,,,,GLU,485.0,H,AlphaHelix,GLU,489.0,H,AlphaHelix
494,,,,,ARG,486.0,H,AlphaHelix,ARG,490.0,H,AlphaHelix
495,,,,,MET,487.0,C,Coil,MET,491.0,C,Coil
496,,,,,THR,488.0,C,Coil,THR,492.0,C,Coil
497,,,,,ASN,489.0,C,Coil,ASN,493.0,C,Coil
498,,,,,PHE,490.0,B,Bridge,PHE,494.0,B,Bridge
499,,,,,ASP,491.0,T,Turn,ASP,495.0,T,Turn
500,,,,,LYS,492.0,T,Turn,LYS,496.0,T,Turn
501,,,,,ASN,493.0,T,Turn,ASN,497.0,T,Turn
502,,,,,LEU,494.0,T,Turn,LEU,498.0,T,Turn
503,PRO,427.0,C,Coil,PRO,495.0,T,Turn,PRO,499.0,T,Turn
504,ASN,428.0,C,Coil,ASN,496.0,T,Turn,ASN,500.0,T,Turn
505,GLU,429.0,C,Coil,GLU,497.0,T,Turn,GLU,501.0,T,Turn
506,LYS,430.0,C,Coil,LYS,498.0,B,Bridge,LYS,502.0,B,Bridge
507,VAL,431.0,C,Coil,VAL,499.0,E,Strand,VAL,503.0,E,Strand
508,LEU,432.0,C,Coil,LEU,500.0,E,Strand,LEU,504.0,E,Strand
509,PRO,433.0,B,Bridge,PRO,501.0,E,Strand,PRO,505.0,E,Strand
510,LYS,434.0,T,Turn,LYS,502.0,T,Turn,LYS,506.0,T,Turn
511,HIS,435.0,T,Turn,HIS,503.0,T,Turn,HIS,507.0,T,Turn
512,SER,436.0,T,Turn,SER,504.0,T,Turn,SER,508.0,T,Turn
513,LEU,437.0,H,AlphaHelix,LEU,505.0,H,AlphaHelix,LEU,509.0,H,AlphaHelix
514,LEU,438.0,H,AlphaHelix,LEU,506.0,H,AlphaHelix,LEU,510.0,H,AlphaHelix
515,TYR,439.0,H,AlphaHelix,TYR,507.0,H,AlphaHelix,TYR,511.0,H,AlphaHelix
516,GLU,440.0,H,AlphaHelix,GLU,508.0,H,AlphaHelix,GLU,512.0,H,AlphaHelix
517,TYR,441.0,H,AlphaHelix,TYR,509.0,H,AlphaHelix,TYR,513.0,H,AlphaHelix
518,PHE,442.0,H,AlphaHelix,PHE,510.0,H,AlphaHelix,PHE,514.0,H,AlphaHelix
519,THR,443.0,H,AlphaHelix,THR,511.0,H,AlphaHelix,THR,515.0,H,AlphaHelix
520,VAL,444.0,H,AlphaHelix,VAL,512.0,H,AlphaHelix,VAL,516.0,H,AlphaHelix
521,TYR,445.0,H,AlphaHelix,TYR,513.0,H,AlphaHelix,TYR,517.0,H,AlphaHelix
522,ASN,446.0,H,AlphaHelix,ASN,514.0,H,AlphaHelix,ASN,518.0,H,AlphaHelix
523,GLU,447.0,H,AlphaHelix,GLU,515.0,H,AlphaHelix,GLU,519.0,H,AlphaHelix
524,LEU,448.0,H,AlphaHelix,LEU,516.0,H,AlphaHelix,LEU,520.0,H,AlphaHelix
525,THR,449.0,H,AlphaHelix,THR,517.0,H,AlphaHelix,THR,521.0,H,AlphaHelix
526,LYS,450.0,T,Turn,LYS,518.0,C,Coil,LYS,522.0,C,Coil
527,VAL,451.0,T,Turn,VAL,519.0,C,Coil,VAL,523.0,C,Coil
528,,,,,LYS,520.0,E,Strand,LYS,524.0,E,Strand
529,,,,,TYR,521.0,E,Strand,TYR,525.0,E,Strand
530,,,,,VAL,522.0,E,Strand,VAL,526.0,E,Strand
531,,,,,THR,523.0,T,Turn,THR,527.0,T,Turn
532,,,,,GLU,524.0,T,Turn,GLU,528.0,T,Turn
533,,,,,GLY,525.0,T,Turn,GLY,529.0,T,Turn
534,,,,,MET,526.0,T,Turn,MET,530.0,T,Turn
535,,,,,ARG,527.0,C,Coil,ARG,531.0,C,Coil
536,,,,,LYS,528.0,C,Coil,LYS,532.0,C,Coil
537,,,,,PRO,529.0,C,Coil,PRO,533.0,C,Coil
538,,,,,ALA,530.0,E,Strand,ALA,534.0,E,Strand
539,,,,,PHE,531.0,E,Strand,PHE,535.0,E,Strand
540,LEU,452.0,T,Turn,LEU,532.0,C,Coil,LEU,536.0,C,Coil
541,SER,453.0,C,Coil,SER,533.0,C,Coil,SER,537.0,C,Coil
542,GLY,454.0,H,AlphaHelix,GLY,534.0,H,AlphaHelix,GLY,538.0,H,AlphaHelix
543,GLU,455.0,H,AlphaHelix,GLU,535.0,H,AlphaHelix,GLU,539.0,H,AlphaHelix
544,GLN,456.0,H,AlphaHelix,GLN,536.0,H,AlphaHelix,GLN,540.0,H,AlphaHelix
545,LYS,457.0,H,AlphaHelix,LYS,537.0,H,AlphaHelix,LYS,541.0,H,AlphaHelix
546,LYS,458.0,H,AlphaHelix,LYS,538.0,H,AlphaHelix,LYS,542.0,H,AlphaHelix
547,ALA,459.0,H,AlphaHelix,ALA,539.0,H,AlphaHelix,ALA,543.0,H,AlphaHelix
548,ILE,460.0,H,AlphaHelix,ILE,540.0,H,AlphaHelix,ILE,544.0,H,AlphaHelix
549,VAL,461.0,H,AlphaHelix,VAL,541.0,H,AlphaHelix,VAL,545.0,H,AlphaHelix
550,ASP,462.0,H,AlphaHelix,ASP,542.0,H,AlphaHelix,ASP,546.0,H,AlphaHelix
551,LEU,463.0,H,AlphaHelix,LEU,543.0,H,AlphaHelix,LEU,547.0,H,AlphaHelix
552,LEU,464.0,H,AlphaHelix,LEU,544.0,H,AlphaHelix,LEU,548.0,H,AlphaHelix
553,PHE,465.0,H,AlphaHelix,PHE,545.0,T,Turn,PHE,549.0,T,Turn
554,LYS,466.0,H,AlphaHelix,LYS,546.0,T,Turn,LYS,550.0,T,Turn
555,THR,467.0,H,AlphaHelix,THR,547.0,T,Turn,THR,551.0,T,Turn
556,ASN,468.0,T,Turn,ASN,548.0,T,Turn,ASN,552.0,T,Turn
557,ARG,469.0,T,Turn,ARG,549.0,T,Turn,ARG,553.0,T,Turn
558,LYS,470.0,T,Turn,LYS,550.0,T,Turn,LYS,554.0,T,Turn
559,VAL,471.0,T,Turn,VAL,551.0,T,Turn,VAL,555.0,E,Strand
560,THR,472.0,T,Turn,THR,552.0,B,Bridge,THR,556.0,E,Strand
561,VAL,473.0,T,Turn,VAL,553.0,H,AlphaHelix,VAL,557.0,H,AlphaHelix
562,LYS,474.0,T,Turn,LYS,554.0,H,AlphaHelix,LYS,558.0,H,AlphaHelix
563,GLN,475.0,T,Turn,GLN,555.0,H,AlphaHelix,GLN,559.0,H,AlphaHelix
564,LEU,476.0,T,Turn,LEU,556.0,H,AlphaHelix,LEU,560.0,H,AlphaHelix
565,LYS,477.0,T,Turn,LYS,557.0,H,AlphaHelix,LYS,561.0,H,AlphaHelix
566,GLU,478.0,T,Turn,GLU,558.0,H,AlphaHelix,GLU,562.0,H,AlphaHelix
567,ASP,479.0,T,Turn,ASP,559.0,H,AlphaHelix,ASP,563.0,H,AlphaHelix
568,,,,,TYR,560.0,H,AlphaHelix,TYR,564.0,H,AlphaHelix
569,,,,,PHE,561.0,T,Turn,PHE,565.0,H,AlphaHelix
570,,,,,LYS,562.0,T,Turn,LYS,566.0,H,AlphaHelix
571,,,,,LYS,563.0,T,Turn,LYS,567.0,H,AlphaHelix
572,,,,,ILE,564.0,T,Turn,ILE,568.0,H,AlphaHelix
573,,,,,GLU,565.0,T,Turn,GLU,569.0,H,AlphaHelix
574,,,,,GLU,566.0,T,Turn,CYS,570.0,C,Coil
575,,,,,PHE,567.0,T,Turn,PHE,571.0,T,Turn
576,,,,,ASP,568.0,T,Turn,ASP,572.0,T,Turn
577,,,,,SER,569.0,T,Turn,SER,573.0,T,Turn
578,,,,,VAL,570.0,T,Turn,VAL,574.0,T,Turn
579,,,,,GLU,571.0,E,Strand,GLU,575.0,E,Strand
580,,,,,ILE,572.0,E,Strand,ILE,576.0,E,Strand
581,,,,,SER,573.0,E,Strand,SER,577.0,T,Turn
582,,,,,GLY,574.0,C,Coil,GLY,578.0,T,Turn
583,,,,,VAL,575.0,T,Turn,VAL,579.0,T,Turn
584,,,,,GLU,576.0,T,Turn,GLU,580.0,T,Turn
585,,,,,ASP,577.0,T,Turn,ASP,581.0,T,Turn
586,,,,,ARG,578.0,B,Bridge,ARG,582.0,E,Strand
587,PHE,480.0,C,Coil,PHE,579.0,C,Coil,PHE,583.0,E,Strand
588,ASN,481.0,C,Coil,ASN,580.0,C,Coil,ASN,584.0,C,Coil
589,ALA,482.0,C,Coil,ALA,581.0,C,Coil,ALA,585.0,C,Coil
590,SER,483.0,C,Coil,SER,582.0,C,Coil,SER,586.0,C,Coil
591,LEU,484.0,C,Coil,LEU,583.0,C,Coil,LEU,587.0,C,Coil
592,GLY,485.0,H,AlphaHelix,GLY,584.0,H,AlphaHelix,GLY,588.0,H,AlphaHelix
593,THR,486.0,H,AlphaHelix,THR,585.0,H,AlphaHelix,THR,589.0,H,AlphaHelix
594,TYR,487.0,H,AlphaHelix,TYR,586.0,H,AlphaHelix,TYR,590.0,H,AlphaHelix
595,HIS,488.0,H,AlphaHelix,HIS,587.0,H,AlphaHelix,HIS,591.0,H,AlphaHelix
596,ASP,489.0,H,AlphaHelix,ASP,588.0,H,AlphaHelix,ASP,592.0,H,AlphaHelix
597,LEU,490.0,H,AlphaHelix,LEU,589.0,H,AlphaHelix,LEU,593.0,H,AlphaHelix
598,LEU,491.0,H,AlphaHelix,LEU,590.0,H,AlphaHelix,LEU,594.0,H,AlphaHelix
599,LYS,492.0,H,AlphaHelix,LYS,591.0,H,AlphaHelix,LYS,595.0,H,AlphaHelix
600,ILE,493.0,H,AlphaHelix,ILE,592.0,H,AlphaHelix,ILE,596.0,H,AlphaHelix
601,ILE,494.0,H,AlphaHelix,ILE,593.0,H,AlphaHelix,ILE,597.0,H,AlphaHelix
602,LYS,495.0,C,Coil,LYS,594.0,C,Coil,LYS,598.0,C,Coil
603,ASP,496.0,C,Coil,ASP,595.0,C,Coil,ASP,599.0,C,Coil
604,LYS,497.0,H,AlphaHelix,LYS,596.0,H,AlphaHelix,LYS,600.0,H,AlphaHelix
605,ASP,498.0,H,AlphaHelix,ASP,597.0,H,AlphaHelix,ASP,601.0,H,AlphaHelix
606,PHE,499.0,H,AlphaHelix,PHE,598.0,H,AlphaHelix,PHE,602.0,H,AlphaHelix
607,LEU,500.0,H,AlphaHelix,LEU,599.0,H,AlphaHelix,LEU,603.0,H,AlphaHelix
608,ASP,501.0,H,AlphaHelix,ASP,600.0,H,AlphaHelix,ASP,604.0,H,AlphaHelix
609,ASN,502.0,T,Turn,ASN,601.0,T,Turn,ASN,605.0,C,Coil
610,GLU,503.0,T,Turn,GLU,602.0,T,Turn,GLU,606.0,G,310Helix
611,GLU,504.0,T,Turn,GLU,603.0,T,Turn,GLU,607.0,G,310Helix
612,ASN,505.0,H,AlphaHelix,ASN,604.0,H,AlphaHelix,ASN,608.0,G,310Helix
613,GLU,506.0,H,AlphaHelix,GLU,605.0,H,AlphaHelix,GLU,609.0,H,AlphaHelix
614,ASP,507.0,H,AlphaHelix,ASP,606.0,H,AlphaHelix,ASP,610.0,H,AlphaHelix
615,ILE,508.0,H,AlphaHelix,ILE,607.0,H,AlphaHelix,ILE,611.0,H,AlphaHelix
616,LEU,509.0,H,AlphaHelix,LEU,608.0,H,AlphaHelix,LEU,612.0,H,AlphaHelix
617,GLU,510.0,H,AlphaHelix,GLU,609.0,H,AlphaHelix,GLU,613.0,H,AlphaHelix
618,ASP,511.0,H,AlphaHelix,ASP,610.0,H,AlphaHelix,ASP,614.0,H,AlphaHelix
619,ILE,512.0,H,AlphaHelix,ILE,611.0,H,AlphaHelix,ILE,615.0,H,AlphaHelix
620,VAL,513.0,H,AlphaHelix,VAL,612.0,H,AlphaHelix,VAL,616.0,H,AlphaHelix
621,LEU,514.0,H,AlphaHelix,LEU,613.0,H,AlphaHelix,LEU,617.0,H,AlphaHelix
622,THR,515.0,H,AlphaHelix,THR,614.0,H,AlphaHelix,THR,618.0,H,AlphaHelix
623,LEU,516.0,H,AlphaHelix,LEU,615.0,H,AlphaHelix,LEU,619.0,H,AlphaHelix
624,THR,517.0,H,AlphaHelix,THR,616.0,H,AlphaHelix,THR,620.0,H,AlphaHelix
625,LEU,518.0,H,AlphaHelix,LEU,617.0,H,AlphaHelix,LEU,621.0,H,AlphaHelix
626,PHE,519.0,C,Coil,PHE,618.0,C,Coil,PHE,622.0,C,Coil
627,GLU,520.0,C,Coil,GLU,619.0,C,Coil,GLU,623.0,C,Coil
628,ASP,521.0,C,Coil,ASP,620.0,C,Coil,ASP,624.0,C,Coil
629,ARG,522.0,H,AlphaHelix,ARG,621.0,H,AlphaHelix,ARG,625.0,H,AlphaHelix
630,GLU,523.0,H,AlphaHelix,GLU,622.0,H,AlphaHelix,GLU,626.0,H,AlphaHelix
631,MET,524.0,H,AlphaHelix,MET,623.0,H,AlphaHelix,MET,627.0,H,AlphaHelix
632,ILE,525.0,H,AlphaHelix,ILE,624.0,H,AlphaHelix,ILE,628.0,H,AlphaHelix
633,GLU,526.0,H,AlphaHelix,GLU,625.0,H,AlphaHelix,GLU,629.0,H,AlphaHelix
634,GLU,527.0,H,AlphaHelix,GLU,626.0,H,AlphaHelix,GLU,630.0,H,AlphaHelix
635,ARG,528.0,H,AlphaHelix,ARG,627.0,H,AlphaHelix,ARG,631.0,H,AlphaHelix
636,LEU,529.0,H,AlphaHelix,LEU,628.0,T,Turn,LEU,632.0,H,AlphaHelix
637,LYS,530.0,G,310Helix,LYS,629.0,T,Turn,LYS,633.0,G,310Helix
638,THR,531.0,G,310Helix,THR,630.0,T,Turn,THR,634.0,G,310Helix
639,TYR,532.0,G,310Helix,TYR,631.0,T,Turn,TYR,635.0,G,310Helix
640,ALA,533.0,T,Turn,ALA,632.0,T,Turn,ALA,636.0,T,Turn
641,HIS,534.0,T,Turn,HIS,633.0,T,Turn,HIS,637.0,T,Turn
642,LEU,535.0,T,Turn,LEU,634.0,T,Turn,LEU,638.0,T,Turn
643,PHE,536.0,T,Turn,PHE,635.0,T,Turn,PHE,639.0,T,Turn
644,ASP,537.0,C,Coil,ASP,636.0,C,Coil,ASP,640.0,C,Coil
645,ASP,538.0,H,AlphaHelix,ASP,637.0,H,AlphaHelix,ASP,641.0,H,AlphaHelix
646,LYS,539.0,H,AlphaHelix,LYS,638.0,H,AlphaHelix,LYS,642.0,H,AlphaHelix
647,VAL,540.0,H,AlphaHelix,VAL,639.0,H,AlphaHelix,VAL,643.0,H,AlphaHelix
648,MET,541.0,H,AlphaHelix,MET,640.0,H,AlphaHelix,MET,644.0,H,AlphaHelix
649,LYS,542.0,H,AlphaHelix,LYS,641.0,H,AlphaHelix,LYS,645.0,H,AlphaHelix
650,GLN,543.0,H,AlphaHelix,GLN,642.0,H,AlphaHelix,GLN,646.0,H,AlphaHelix
651,LEU,544.0,H,AlphaHelix,LEU,643.0,H,AlphaHelix,LEU,647.0,H,AlphaHelix
652,LYS,545.0,H,AlphaHelix,LYS,644.0,H,AlphaHelix,LYS,648.0,H,AlphaHelix
653,ARG,546.0,H,AlphaHelix,ARG,645.0,H,AlphaHelix,ARG,649.0,H,AlphaHelix
654,ARG,547.0,C,Coil,ARG,646.0,C,Coil,ARG,650.0,C,Coil
655,ARG,548.0,C,Coil,ARG,647.0,C,Coil,ARG,651.0,C,Coil
656,TYR,549.0,C,Coil,TYR,648.0,C,Coil,TYR,652.0,C,Coil
657,THR,550.0,C,Coil,THR,649.0,C,Coil,THR,653.0,C,Coil
658,GLY,551.0,C,Coil,GLY,650.0,C,Coil,GLY,654.0,C,Coil
659,TRP,552.0,B,Bridge,TRP,651.0,E,Strand,TRP,655.0,E,Strand
660,GLY,553.0,C,Coil,GLY,652.0,E,Strand,GLY,656.0,E,Strand
661,ARG,554.0,C,Coil,ARG,653.0,E,Strand,ARG,657.0,E,Strand
662,LEU,555.0,C,Coil,LEU,654.0,E,Strand,LEU,658.0,E,Strand
663,SER,556.0,C,Coil,SER,655.0,E,Strand,SER,659.0,E,Strand
664,ARG,557.0,H,AlphaHelix,ARG,656.0,H,AlphaHelix,ARG,660.0,H,AlphaHelix
665,LYS,558.0,H,AlphaHelix,LYS,657.0,H,AlphaHelix,LYS,661.0,H,AlphaHelix
666,LEU,559.0,H,AlphaHelix,LEU,658.0,H,AlphaHelix,LEU,662.0,H,AlphaHelix
667,ILE,560.0,H,AlphaHelix,ILE,659.0,H,AlphaHelix,ILE,663.0,H,AlphaHelix
668,ASN,561.0,H,AlphaHelix,ASN,660.0,C,Coil,ASN,664.0,H,AlphaHelix
669,GLY,562.0,H,AlphaHelix,GLY,661.0,C,Coil,GLY,665.0,H,AlphaHelix
670,ILE,563.0,C,Coil,ILE,662.0,C,Coil,ILE,666.0,C,Coil
671,ARG,564.0,T,Turn,ARG,663.0,B,Bridge,ARG,667.0,E,Strand
672,ASP,565.0,T,Turn,ASP,664.0,T,Turn,ASP,668.0,E,Strand
673,,,,,LYS,665.0,T,Turn,LYS,669.0,T,Turn
674,,,,,GLN,666.0,T,Turn,GLN,670.0,T,Turn
675,,,,,SER,667.0,T,Turn,SER,671.0,T,Turn
676,,,,,GLY,668.0,T,Turn,GLY,672.0,T,Turn
677,LYS,566.0,T,Turn,LYS,669.0,C,Coil,LYS,673.0,E,Strand
678,THR,567.0,T,Turn,THR,670.0,B,Bridge,THR,674.0,E,Strand
679,ILE,568.0,H,AlphaHelix,ILE,671.0,H,AlphaHelix,ILE,675.0,H,AlphaHelix
680,LEU,569.0,H,AlphaHelix,LEU,672.0,H,AlphaHelix,LEU,676.0,H,AlphaHelix
681,ASP,570.0,H,AlphaHelix,ASP,673.0,H,AlphaHelix,ASP,677.0,H,AlphaHelix
682,PHE,571.0,H,AlphaHelix,PHE,674.0,H,AlphaHelix,PHE,678.0,H,AlphaHelix
683,LEU,572.0,H,AlphaHelix,LEU,675.0,H,AlphaHelix,LEU,679.0,H,AlphaHelix
684,LYS,573.0,H,AlphaHelix,LYS,676.0,H,AlphaHelix,LYS,680.0,H,AlphaHelix
685,,,,,SER,677.0,C,Coil,SER,681.0,C,Coil
686,,,,,ASP,678.0,T,Turn,ASP,682.0,T,Turn
687,,,,,GLY,679.0,T,Turn,GLY,683.0,T,Turn
688,,,,,PHE,680.0,T,Turn,PHE,684.0,T,Turn
689,,,,,ALA,681.0,T,Turn,ALA,685.0,T,Turn
690,,,,,ASN,682.0,T,Turn,ASN,686.0,T,Turn
691,ARG,574.0,C,Coil,ARG,683.0,C,Coil,ARG,687.0,C,Coil
692,ASN,575.0,C,Coil,ASN,684.0,C,Coil,ASN,688.0,C,Coil
693,PHE,576.0,H,AlphaHelix,PHE,685.0,H,AlphaHelix,PHE,689.0,H,AlphaHelix
694,MET,577.0,H,AlphaHelix,MET,686.0,H,AlphaHelix,MET,690.0,H,AlphaHelix
695,GLN,578.0,H,AlphaHelix,GLN,687.0,H,AlphaHelix,GLN,691.0,H,AlphaHelix
696,LEU,579.0,H,AlphaHelix,LEU,688.0,H,AlphaHelix,LEU,692.0,H,AlphaHelix
697,ILE,580.0,H,AlphaHelix,ILE,689.0,H,AlphaHelix,ILE,693.0,H,AlphaHelix
698,HIS,581.0,H,AlphaHelix,HIS,690.0,H,AlphaHelix,HIS,694.0,C,Coil
699,ASP,582.0,T,Turn,ASP,691.0,T,Turn,ASP,695.0,T,Turn
700,ASP,583.0,T,Turn,ASP,692.0,T,Turn,ASP,696.0,T,Turn
701,SER,584.0,T,Turn,SER,693.0,T,Turn,SER,697.0,T,Turn
702,LEU,585.0,T,Turn,LEU,694.0,T,Turn,LEU,698.0,T,Turn
703,THR,586.0,H,AlphaHelix,THR,695.0,H,AlphaHelix,THR,699.0,H,AlphaHelix
704,PHE,587.0,H,AlphaHelix,PHE,696.0,H,AlphaHelix,PHE,700.0,H,AlphaHelix
705,LYS,588.0,H,AlphaHelix,LYS,697.0,H,AlphaHelix,LYS,701.0,H,AlphaHelix
706,GLU,589.0,H,AlphaHelix,GLU,698.0,H,AlphaHelix,GLU,702.0,H,AlphaHelix
707,ASP,590.0,H,AlphaHelix,ASP,699.0,H,AlphaHelix,ASP,703.0,H,AlphaHelix
708,ILE,591.0,H,AlphaHelix,ILE,700.0,H,AlphaHelix,ILE,704.0,H,AlphaHelix
709,GLN,592.0,H,AlphaHelix,GLN,701.0,H,AlphaHelix,GLN,705.0,H,AlphaHelix
710,LYS,593.0,H,AlphaHelix,LYS,702.0,H,AlphaHelix,LYS,706.0,C,Coil
711,ALA,594.0,H,AlphaHelix,ALA,703.0,C,Coil,,,,
712,GLN,595.0,H,AlphaHelix,GLN,704.0,C,Coil,,,,
713,VAL,596.0,H,AlphaHelix,VAL,705.0,C,Coil,,,,
714,SER,597.0,H,AlphaHelix,,,,,,,,
718,ASP,598.0,C,Coil,ASP,706.0,C,Coil,,,,
719,SER,599.0,H,AlphaHelix,SER,707.0,C,Coil,SER,707.0,C,Coil
720,LEU,600.0,H,AlphaHelix,LEU,708.0,H,AlphaHelix,LEU,708.0,H,AlphaHelix
721,HIS,601.0,H,AlphaHelix,HIS,709.0,H,AlphaHelix,HIS,709.0,H,AlphaHelix
722,GLU,602.0,H,AlphaHelix,GLU,710.0,H,AlphaHelix,GLU,710.0,H,AlphaHelix
723,HIS,603.0,H,AlphaHelix,HIS,711.0,H,AlphaHelix,HIS,711.0,H,AlphaHelix
724,ILE,604.0,H,AlphaHelix,ILE,712.0,H,AlphaHelix,ILE,712.0,H,AlphaHelix
725,ALA,605.0,H,AlphaHelix,ALA,713.0,H,AlphaHelix,ALA,713.0,H,AlphaHelix
726,ASN,606.0,H,AlphaHelix,ASN,714.0,H,AlphaHelix,ASN,714.0,H,AlphaHelix
727,LEU,607.0,C,Coil,LEU,715.0,C,Coil,LEU,715.0,C,Coil
728,ALA,608.0,C,Coil,ALA,716.0,C,Coil,ALA,716.0,C,Coil
729,GLY,609.0,C,Coil,GLY,717.0,C,Coil,GLY,717.0,C,Coil
730,SER,610.0,C,Coil,SER,718.0,C,Coil,SER,718.0,C,Coil
731,PRO,611.0,H,AlphaHelix,PRO,719.0,H,AlphaHelix,PRO,719.0,H,AlphaHelix
732,ALA,612.0,H,AlphaHelix,ALA,720.0,H,AlphaHelix,ALA,720.0,H,AlphaHelix
733,ILE,613.0,H,AlphaHelix,ILE,721.0,H,AlphaHelix,ILE,721.0,H,AlphaHelix
734,LYS,614.0,H,AlphaHelix,LYS,722.0,H,AlphaHelix,LYS,722.0,H,AlphaHelix
735,LYS,615.0,H,AlphaHelix,LYS,723.0,H,AlphaHelix,LYS,723.0,H,AlphaHelix
736,GLY,616.0,H,AlphaHelix,GLY,724.0,H,AlphaHelix,GLY,724.0,H,AlphaHelix
737,ILE,617.0,H,AlphaHelix,ILE,725.0,H,AlphaHelix,ILE,725.0,H,AlphaHelix
738,LEU,618.0,H,AlphaHelix,LEU,726.0,H,AlphaHelix,LEU,726.0,H,AlphaHelix
739,GLN,619.0,H,AlphaHelix,GLN,727.0,H,AlphaHelix,GLN,727.0,H,AlphaHelix
740,THR,620.0,H,AlphaHelix,THR,728.0,H,AlphaHelix,THR,728.0,H,AlphaHelix
741,VAL,621.0,H,AlphaHelix,VAL,729.0,H,AlphaHelix,VAL,729.0,H,AlphaHelix
742,LYS,622.0,H,AlphaHelix,LYS,730.0,H,AlphaHelix,LYS,730.0,H,AlphaHelix
743,VAL,623.0,H,AlphaHelix,VAL,731.0,H,AlphaHelix,VAL,731.0,H,AlphaHelix
744,VAL,624.0,H,AlphaHelix,VAL,732.0,H,AlphaHelix,VAL,732.0,H,AlphaHelix
745,ASP,625.0,H,AlphaHelix,ASP,733.0,H,AlphaHelix,ASP,733.0,H,AlphaHelix
746,GLU,626.0,H,AlphaHelix,GLU,734.0,H,AlphaHelix,GLU,734.0,H,AlphaHelix
747,LEU,627.0,H,AlphaHelix,LEU,735.0,H,AlphaHelix,LEU,735.0,H,AlphaHelix
748,VAL,628.0,H,AlphaHelix,VAL,736.0,H,AlphaHelix,VAL,736.0,H,AlphaHelix
749,LYS,629.0,H,AlphaHelix,LYS,737.0,H,AlphaHelix,LYS,737.0,H,AlphaHelix
750,VAL,630.0,H,AlphaHelix,VAL,738.0,H,AlphaHelix,VAL,738.0,H,AlphaHelix
751,MET,631.0,H,AlphaHelix,MET,739.0,H,AlphaHelix,MET,739.0,H,AlphaHelix
752,GLY,632.0,T,Turn,GLY,740.0,T,Turn,GLY,740.0,T,Turn
753,ARG,633.0,T,Turn,ARG,741.0,T,Turn,ARG,741.0,T,Turn
754,HIS,634.0,T,Turn,HIS,742.0,T,Turn,HIS,742.0,T,Turn
755,LYS,635.0,C,Coil,LYS,743.0,C,Coil,LYS,743.0,C,Coil
756,PRO,636.0,T,Turn,PRO,744.0,C,Coil,PRO,744.0,T,Turn
757,GLU,637.0,T,Turn,GLU,745.0,C,Coil,GLU,745.0,T,Turn
758,ASN,638.0,E,Strand,ASN,746.0,E,Strand,ASN,746.0,E,Strand
759,ILE,639.0,E,Strand,ILE,747.0,E,Strand,ILE,747.0,E,Strand
760,VAL,640.0,E,Strand,VAL,748.0,E,Strand,VAL,748.0,E,Strand
761,ILE,641.0,E,Strand,ILE,749.0,E,Strand,ILE,749.0,E,Strand
762,GLU,642.0,E,Strand,GLU,750.0,E,Strand,GLU,750.0,E,Strand
763,MET,643.0,E,Strand,MET,751.0,E,Strand,MET,751.0,E,Strand
764,ALA,644.0,C,Coil,ALA,752.0,C,Coil,ALA,752.0,C,Coil
765,,,,,ARG,753.0,C,Coil,ARG,753.0,C,Coil
766,,,,,GLU,754.0,C,Coil,,,,
767,,,,,ASN,755.0,C,Coil,,,,
768,,,,,GLN,756.0,C,Coil,,,,
769,,,,,THR,757.0,C,Coil,,,,
775,LYS,645.0,H,AlphaHelix,LYS,758.0,H,AlphaHelix,,,,
776,ASN,646.0,H,AlphaHelix,ASN,759.0,H,AlphaHelix,ASN,754.0,H,AlphaHelix
777,SER,647.0,H,AlphaHelix,SER,760.0,H,AlphaHelix,SER,755.0,H,AlphaHelix
778,ARG,648.0,H,AlphaHelix,ARG,761.0,H,AlphaHelix,ARG,756.0,H,AlphaHelix
779,GLU,649.0,H,AlphaHelix,GLU,762.0,H,AlphaHelix,GLU,757.0,H,AlphaHelix
780,ARG,650.0,H,AlphaHelix,ARG,763.0,H,AlphaHelix,ARG,758.0,H,AlphaHelix
781,MET,651.0,H,AlphaHelix,MET,764.0,H,AlphaHelix,MET,759.0,H,AlphaHelix
782,LYS,652.0,H,AlphaHelix,LYS,765.0,H,AlphaHelix,LYS,760.0,H,AlphaHelix
783,ARG,653.0,H,AlphaHelix,ARG,766.0,H,AlphaHelix,ARG,761.0,H,AlphaHelix
784,ILE,654.0,H,AlphaHelix,ILE,767.0,H,AlphaHelix,ILE,762.0,H,AlphaHelix
785,GLU,655.0,H,AlphaHelix,GLU,768.0,H,AlphaHelix,GLU,763.0,H,AlphaHelix
786,GLU,656.0,H,AlphaHelix,GLU,769.0,H,AlphaHelix,GLU,764.0,H,AlphaHelix
787,GLY,657.0,H,AlphaHelix,GLY,770.0,H,AlphaHelix,GLY,765.0,H,AlphaHelix
788,ILE,658.0,H,AlphaHelix,ILE,771.0,H,AlphaHelix,ILE,766.0,H,AlphaHelix
789,LYS,659.0,H,AlphaHelix,LYS,772.0,H,AlphaHelix,LYS,767.0,H,AlphaHelix
790,GLU,660.0,C,Coil,GLU,773.0,H,AlphaHelix,GLU,768.0,H,AlphaHelix
791,LEU,661.0,C,Coil,LEU,774.0,C,Coil,LEU,769.0,H,AlphaHelix
792,,,,,GLY,775.0,C,Coil,GLY,770.0,C,Coil
793,,,,,SER,776.0,C,Coil,SER,771.0,C,Coil
794,,,,,,,,,GLN,772.0,H,AlphaHelix
795,,,,,,,,,ILE,773.0,H,AlphaHelix
796,,,,,,,,,LEU,774.0,H,AlphaHelix
797,,,,,,,,,LYS,775.0,H,AlphaHelix
798,,,,,,,,,GLU,776.0,H,AlphaHelix
799,HIS,662.0,C,Coil,,,,,HIS,777.0,C,Coil
800,PRO,663.0,C,Coil,,,,,PRO,778.0,C,Coil
801,VAL,664.0,C,Coil,,,,,VAL,779.0,C,Coil
802,GLU,665.0,T,Turn,GLU,777.0,C,Coil,GLU,780.0,C,Coil
803,ASN,666.0,T,Turn,ASN,778.0,C,Coil,ASN,781.0,G,310Helix
804,THR,667.0,T,Turn,THR,779.0,G,310Helix,THR,782.0,G,310Helix
805,GLN,668.0,T,Turn,GLN,780.0,G,310Helix,GLN,783.0,G,310Helix
806,LEU,669.0,T,Turn,LEU,781.0,G,310Helix,LEU,784.0,T,Turn
807,GLN,670.0,T,Turn,GLN,782.0,C,Coil,GLN,785.0,T,Turn
808,ASN,671.0,T,Turn,ASN,783.0,C,Coil,ASN,786.0,T,Turn
809,GLU,672.0,H,AlphaHelix,GLU,784.0,H,AlphaHelix,GLU,787.0,H,AlphaHelix
810,LYS,673.0,H,AlphaHelix,LYS,785.0,H,AlphaHelix,LYS,788.0,H,AlphaHelix
811,LEU,674.0,H,AlphaHelix,LEU,786.0,H,AlphaHelix,LEU,789.0,H,AlphaHelix
812,TYR,675.0,H,AlphaHelix,TYR,787.0,H,AlphaHelix,TYR,790.0,H,AlphaHelix
813,LEU,676.0,H,AlphaHelix,LEU,788.0,H,AlphaHelix,LEU,791.0,H,AlphaHelix
814,TYR,677.0,H,AlphaHelix,TYR,789.0,H,AlphaHelix,TYR,792.0,H,AlphaHelix
815,TYR,678.0,H,AlphaHelix,TYR,790.0,H,AlphaHelix,TYR,793.0,H,AlphaHelix
816,LEU,679.0,H,AlphaHelix,LEU,791.0,H,AlphaHelix,LEU,794.0,H,AlphaHelix
817,GLN,680.0,H,AlphaHelix,GLN,792.0,H,AlphaHelix,GLN,795.0,H,AlphaHelix
818,ASN,681.0,T,Turn,ASN,793.0,T,Turn,ASN,796.0,T,Turn
819,GLY,682.0,T,Turn,GLY,794.0,T,Turn,GLY,797.0,T,Turn
820,ARG,683.0,B,Bridge,ARG,795.0,B,Bridge,ARG,798.0,E,Strand
821,ASP,684.0,T,Turn,ASP,796.0,T,Turn,ASP,799.0,E,Strand
822,MET,685.0,T,Turn,MET,797.0,T,Turn,MET,800.0,T,Turn
823,TYR,686.0,T,Turn,TYR,798.0,T,Turn,TYR,801.0,T,Turn
824,VAL,687.0,T,Turn,VAL,799.0,T,Turn,VAL,802.0,T,Turn
825,ASP,688.0,T,Turn,ASP,800.0,C,Coil,ASP,803.0,T,Turn
826,GLN,689.0,C,Coil,GLN,801.0,C,Coil,GLN,804.0,E,Strand
827,GLU,690.0,B,Bridge,GLU,802.0,B,Bridge,GLU,805.0,E,Strand
828,LEU,691.0,C,Coil,LEU,803.0,C,Coil,LEU,806.0,C,Coil
829,ASP,692.0,C,Coil,ASP,804.0,T,Turn,ASP,807.0,T,Turn
830,ILE,693.0,H,AlphaHelix,ILE,805.0,T,Turn,ILE,808.0,T,Turn
831,ASN,694.0,H,AlphaHelix,ASN,806.0,T,Turn,ASN,809.0,T,Turn
832,ARG,695.0,H,AlphaHelix,ARG,807.0,T,Turn,ARG,810.0,T,Turn
833,LEU,696.0,H,AlphaHelix,LEU,808.0,G,310Helix,LEU,811.0,G,310Helix
834,SER,697.0,H,AlphaHelix,SER,809.0,G,310Helix,SER,812.0,G,310Helix
835,ASP,698.0,H,AlphaHelix,ASP,810.0,G,310Helix,ASP,813.0,G,310Helix
836,TYR,699.0,H,AlphaHelix,TYR,811.0,C,Coil,TYR,814.0,C,Coil
837,ASP,700.0,C,Coil,ASP,812.0,E,Strand,ASP,815.0,E,Strand
838,VAL,701.0,E,Strand,VAL,813.0,E,Strand,VAL,816.0,E,Strand
839,ASP,702.0,E,Strand,ASP,814.0,E,Strand,ASP,817.0,E,Strand
840,HIS,703.0,E,Strand,ALA,815.0,E,Strand,ALA,818.0,E,Strand
841,ILE,704.0,T,Turn,ILE,816.0,T,Turn,ILE,819.0,T,Turn
842,VAL,705.0,T,Turn,VAL,817.0,T,Turn,VAL,820.0,T,Turn
843,PRO,706.0,T,Turn,PRO,818.0,T,Turn,PRO,821.0,T,Turn
844,GLN,707.0,T,Turn,GLN,819.0,T,Turn,GLN,822.0,T,Turn
845,SER,708.0,T,Turn,SER,820.0,T,Turn,SER,823.0,T,Turn
846,PHE,709.0,T,Turn,PHE,821.0,T,Turn,PHE,824.0,T,Turn
847,LEU,710.0,T,Turn,LEU,822.0,T,Turn,LEU,825.0,T,Turn
848,LYS,711.0,C,Coil,LYS,823.0,C,Coil,LYS,826.0,T,Turn
849,ASP,712.0,C,Coil,ASP,824.0,C,Coil,ASP,827.0,C,Coil
850,ASP,713.0,C,Coil,ASP,825.0,C,Coil,ASP,828.0,C,Coil
851,SER,714.0,C,Coil,SER,826.0,C,Coil,SER,829.0,C,Coil
852,ILE,715.0,G,310Helix,ILE,827.0,G,310Helix,ILE,830.0,G,310Helix
853,ASP,716.0,G,310Helix,ASP,828.0,G,310Helix,ASP,831.0,G,310Helix
854,ASN,717.0,G,310Helix,ASN,829.0,G,310Helix,ASN,832.0,G,310Helix
855,LYS,718.0,E,Strand,LYS,830.0,E,Strand,LYS,833.0,E,Strand
856,VAL,719.0,E,Strand,VAL,831.0,E,Strand,VAL,834.0,E,Strand
857,LEU,720.0,E,Strand,LEU,832.0,E,Strand,LEU,835.0,E,Strand
858,THR,721.0,C,Coil,THR,833.0,E,Strand,THR,836.0,E,Strand
859,ARG,722.0,T,Turn,ARG,834.0,C,Coil,ARG,837.0,T,Turn
860,,,,,SER,835.0,C,Coil,SER,838.0,T,Turn
861,,,,,ASP,836.0,C,Coil,ASP,839.0,G,310Helix
862,LYS,723.0,T,Turn,LYS,837.0,G,310Helix,LYS,840.0,G,310Helix
863,ASN,724.0,T,Turn,ASN,838.0,G,310Helix,ASN,841.0,G,310Helix
864,ARG,725.0,T,Turn,ARG,839.0,G,310Helix,ARG,842.0,G,310Helix
865,GLY,726.0,T,Turn,GLY,840.0,C,Coil,GLY,843.0,C,Coil
866,LYS,727.0,T,Turn,LYS,841.0,T,Turn,LYS,844.0,T,Turn
867,SER,728.0,T,Turn,SER,842.0,T,Turn,SER,845.0,T,Turn
868,ASP,729.0,T,Turn,ASP,843.0,T,Turn,ASP,846.0,T,Turn
869,ASN,730.0,T,Turn,ASN,844.0,T,Turn,ASN,847.0,T,Turn
870,VAL,731.0,T,Turn,VAL,845.0,C,Coil,VAL,848.0,C,Coil
871,PRO,732.0,T,Turn,PRO,846.0,C,Coil,PRO,849.0,C,Coil
872,SER,733.0,T,Turn,SER,847.0,C,Coil,SER,850.0,C,Coil
873,GLU,734.0,T,Turn,GLU,848.0,H,AlphaHelix,GLU,851.0,H,AlphaHelix
874,GLU,735.0,G,310Helix,GLU,849.0,H,AlphaHelix,GLU,852.0,H,AlphaHelix
875,VAL,736.0,G,310Helix,VAL,850.0,H,AlphaHelix,VAL,853.0,H,AlphaHelix
876,VAL,737.0,G,310Helix,VAL,851.0,H,AlphaHelix,VAL,854.0,H,AlphaHelix
877,LYS,738.0,G,310Helix,LYS,852.0,H,AlphaHelix,LYS,855.0,H,AlphaHelix
878,LYS,739.0,G,310Helix,LYS,853.0,H,AlphaHelix,LYS,856.0,H,AlphaHelix
879,MET,740.0,G,310Helix,MET,854.0,H,AlphaHelix,MET,857.0,H,AlphaHelix
880,LYS,741.0,H,AlphaHelix,LYS,855.0,H,AlphaHelix,LYS,858.0,H,AlphaHelix
881,ASN,742.0,H,AlphaHelix,ASN,856.0,H,AlphaHelix,ASN,859.0,H,AlphaHelix
882,TYR,743.0,H,AlphaHelix,TYR,857.0,H,AlphaHelix,TYR,860.0,H,AlphaHelix
883,TRP,744.0,H,AlphaHelix,TRP,858.0,H,AlphaHelix,TRP,861.0,H,AlphaHelix
884,ARG,745.0,H,AlphaHelix,ARG,859.0,H,AlphaHelix,ARG,862.0,H,AlphaHelix
885,GLN,746.0,H,AlphaHelix,GLN,860.0,H,AlphaHelix,GLN,863.0,H,AlphaHelix
886,LEU,747.0,H,AlphaHelix,LEU,861.0,H,AlphaHelix,LEU,864.0,H,AlphaHelix
887,LEU,748.0,H,AlphaHelix,LEU,862.0,H,AlphaHelix,LEU,865.0,H,AlphaHelix
888,ASN,749.0,H,AlphaHelix,ASN,863.0,H,AlphaHelix,ASN,866.0,H,AlphaHelix
889,ALA,750.0,H,AlphaHelix,ALA,864.0,H,AlphaHelix,ALA,867.0,H,AlphaHelix
890,LYS,751.0,T,Turn,LYS,865.0,T,Turn,LYS,868.0,T,Turn
891,LEU,752.0,T,Turn,LEU,866.0,T,Turn,LEU,869.0,T,Turn
892,ILE,753.0,T,Turn,ILE,867.0,T,Turn,ILE,870.0,T,Turn
893,THR,754.0,T,Turn,THR,868.0,T,Turn,THR,871.0,T,Turn
894,GLN,755.0,H,AlphaHelix,GLN,869.0,H,AlphaHelix,GLN,872.0,H,AlphaHelix
895,ARG,756.0,H,AlphaHelix,ARG,870.0,H,AlphaHelix,ARG,873.0,H,AlphaHelix
896,LYS,757.0,H,AlphaHelix,LYS,871.0,H,AlphaHelix,LYS,874.0,H,AlphaHelix
897,PHE,758.0,H,AlphaHelix,PHE,872.0,H,AlphaHelix,PHE,875.0,H,AlphaHelix
898,ASP,759.0,H,AlphaHelix,ASP,873.0,H,AlphaHelix,ASP,876.0,H,AlphaHelix
899,ASN,760.0,H,AlphaHelix,ASN,874.0,H,AlphaHelix,ASN,877.0,H,AlphaHelix
900,LEU,761.0,H,AlphaHelix,LEU,875.0,H,AlphaHelix,LEU,878.0,H,AlphaHelix
901,THR,762.0,H,AlphaHelix,THR,876.0,H,AlphaHelix,THR,879.0,H,AlphaHelix
902,LYS,763.0,H,AlphaHelix,LYS,877.0,G,310Helix,LYS,880.0,G,310Helix
903,,,,,ALA,878.0,G,310Helix,ALA,881.0,G,310Helix
904,,,,,GLU,879.0,G,310Helix,GLU,882.0,G,310Helix
905,,,,,ARG,880.0,G,310Helix,ARG,883.0,G,310Helix
906,,,,,GLY,881.0,C,Coil,GLY,884.0,C,Coil
907,,,,,GLY,882.0,C,Coil,GLY,885.0,C,Coil
908,LEU,764.0,C,Coil,LEU,883.0,C,Coil,LEU,886.0,C,Coil
909,SER,765.0,C,Coil,SER,884.0,C,Coil,SER,887.0,C,Coil
910,GLU,766.0,H,AlphaHelix,GLU,885.0,H,AlphaHelix,GLU,888.0,H,AlphaHelix
911,LEU,767.0,H,AlphaHelix,LEU,886.0,H,AlphaHelix,LEU,889.0,H,AlphaHelix
912,ASP,768.0,H,AlphaHelix,ASP,887.0,H,AlphaHelix,ASP,890.0,H,AlphaHelix
913,LYS,769.0,H,AlphaHelix,LYS,888.0,H,AlphaHelix,LYS,891.0,H,AlphaHelix
914,ALA,770.0,H,AlphaHelix,ALA,889.0,H,AlphaHelix,ALA,892.0,H,AlphaHelix
915,GLY,771.0,H,AlphaHelix,GLY,890.0,H,AlphaHelix,GLY,893.0,H,AlphaHelix
916,PHE,772.0,H,AlphaHelix,PHE,891.0,H,AlphaHelix,PHE,894.0,H,AlphaHelix
917,ILE,773.0,H,AlphaHelix,ILE,892.0,H,AlphaHelix,ILE,895.0,H,AlphaHelix
918,LYS,774.0,H,AlphaHelix,LYS,893.0,H,AlphaHelix,LYS,896.0,H,AlphaHelix
919,ARG,775.0,H,AlphaHelix,ARG,894.0,H,AlphaHelix,ARG,897.0,H,AlphaHelix
920,GLN,776.0,H,AlphaHelix,GLN,895.0,T,Turn,GLN,898.0,H,AlphaHelix
921,LEU,777.0,C,Coil,LEU,896.0,T,Turn,LEU,899.0,H,AlphaHelix
922,VAL,778.0,C,Coil,VAL,897.0,B,Bridge,VAL,900.0,B,Bridge
923,GLU,779.0,C,Coil,GLU,898.0,C,Coil,GLU,901.0,C,Coil
924,THR,780.0,C,Coil,THR,899.0,C,Coil,THR,902.0,C,Coil
925,ARG,781.0,C,Coil,ARG,900.0,C,Coil,ARG,903.0,C,Coil
926,GLN,782.0,H,AlphaHelix,GLN,901.0,H,AlphaHelix,GLN,904.0,H,AlphaHelix
927,ILE,783.0,H,AlphaHelix,ILE,902.0,H,AlphaHelix,ILE,905.0,H,AlphaHelix
928,THR,784.0,H,AlphaHelix,THR,903.0,H,AlphaHelix,THR,906.0,H,AlphaHelix
929,LYS,785.0,H,AlphaHelix,LYS,904.0,H,AlphaHelix,LYS,907.0,H,AlphaHelix
930,HIS,786.0,H,AlphaHelix,HIS,905.0,H,AlphaHelix,HIS,908.0,H,AlphaHelix
931,VAL,787.0,H,AlphaHelix,VAL,906.0,H,AlphaHelix,VAL,909.0,H,AlphaHelix
932,ALA,788.0,H,AlphaHelix,ALA,907.0,H,AlphaHelix,ALA,910.0,H,AlphaHelix
933,GLN,789.0,H,AlphaHelix,GLN,908.0,H,AlphaHelix,GLN,911.0,H,AlphaHelix
934,ILE,790.0,H,AlphaHelix,ILE,909.0,H,AlphaHelix,ILE,912.0,H,AlphaHelix
935,LEU,791.0,H,AlphaHelix,LEU,910.0,H,AlphaHelix,LEU,913.0,H,AlphaHelix
936,ASP,792.0,H,AlphaHelix,ASP,911.0,H,AlphaHelix,ASP,914.0,H,AlphaHelix
937,SER,793.0,H,AlphaHelix,SER,912.0,H,AlphaHelix,SER,915.0,H,AlphaHelix
938,ARG,794.0,H,AlphaHelix,ARG,913.0,H,AlphaHelix,ARG,916.0,H,AlphaHelix
939,MET,795.0,H,AlphaHelix,MET,914.0,H,AlphaHelix,MET,917.0,H,AlphaHelix
940,ASN,796.0,C,Coil,ASN,915.0,T,Turn,ASN,918.0,C,Coil
941,THR,797.0,C,Coil,THR,916.0,T,Turn,THR,919.0,C,Coil
942,LYS,798.0,C,Coil,,,,,LYS,920.0,E,Strand
943,TYR,799.0,B,Bridge,,,,,TYR,921.0,E,Strand
944,ASP,800.0,T,Turn,,,,,ASP,922.0,E,Strand
945,GLU,801.0,T,Turn,,,,,GLU,923.0,T,Turn
946,ASN,802.0,T,Turn,,,,,ASN,924.0,T,Turn
947,ASP,803.0,T,Turn,,,,,ASP,925.0,T,Turn
948,LYS,804.0,C,Coil,,,,,LYS,926.0,E,Strand
949,LEU,805.0,B,Bridge,,,,,LEU,927.0,E,Strand
950,ILE,806.0,C,Coil,ILE,917.0,T,Turn,ILE,928.0,E,Strand
951,ARG,807.0,T,Turn,ARG,918.0,T,Turn,ARG,929.0,T,Turn
952,GLU,808.0,T,Turn,GLU,919.0,C,Coil,GLU,930.0,T,Turn
953,VAL,809.0,T,Turn,VAL,920.0,C,Coil,VAL,931.0,T,Turn
954,LYS,810.0,E,Strand,LYS,921.0,E,Strand,LYS,932.0,E,Strand
955,VAL,811.0,E,Strand,VAL,922.0,E,Strand,VAL,933.0,E,Strand
956,ILE,812.0,E,Strand,ILE,923.0,E,Strand,ILE,934.0,E,Strand
957,THR,813.0,E,Strand,THR,924.0,E,Strand,THR,935.0,E,Strand
958,LEU,814.0,C,Coil,LEU,925.0,E,Strand,LEU,936.0,E,Strand
959,LYS,815.0,C,Coil,LYS,926.0,C,Coil,LYS,937.0,C,Coil
960,SER,816.0,H,AlphaHelix,SER,927.0,H,AlphaHelix,SER,938.0,H,AlphaHelix
961,LYS,817.0,H,AlphaHelix,LYS,928.0,H,AlphaHelix,LYS,939.0,H,AlphaHelix
962,LEU,818.0,H,AlphaHelix,LEU,929.0,H,AlphaHelix,LEU,940.0,H,AlphaHelix
963,VAL,819.0,H,AlphaHelix,VAL,930.0,H,AlphaHelix,VAL,941.0,H,AlphaHelix
964,SER,820.0,H,AlphaHelix,SER,931.0,H,AlphaHelix,SER,942.0,H,AlphaHelix
965,ASP,821.0,H,AlphaHelix,ASP,932.0,H,AlphaHelix,ASP,943.0,H,AlphaHelix
966,PHE,822.0,H,AlphaHelix,PHE,933.0,H,AlphaHelix,PHE,944.0,H,AlphaHelix
967,ARG,823.0,H,AlphaHelix,ARG,934.0,H,AlphaHelix,ARG,945.0,H,AlphaHelix
968,LYS,824.0,H,AlphaHelix,LYS,935.0,H,AlphaHelix,LYS,946.0,H,AlphaHelix
969,ASP,825.0,H,AlphaHelix,ASP,936.0,H,AlphaHelix,ASP,947.0,H,AlphaHelix
970,PHE,826.0,H,AlphaHelix,PHE,937.0,H,AlphaHelix,PHE,948.0,H,AlphaHelix
971,GLN,827.0,C,Coil,GLN,938.0,C,Coil,GLN,949.0,C,Coil
972,PHE,828.0,C,Coil,PHE,939.0,C,Coil,PHE,950.0,C,Coil
973,TYR,829.0,C,Coil,TYR,940.0,C,Coil,TYR,951.0,C,Coil
974,LYS,830.0,C,Coil,LYS,941.0,C,Coil,LYS,952.0,C,Coil
975,VAL,831.0,T,Turn,VAL,942.0,T,Turn,VAL,953.0,T,Turn
976,ARG,832.0,T,Turn,ARG,943.0,T,Turn,ARG,954.0,T,Turn
977,GLU,833.0,T,Turn,GLU,944.0,T,Turn,GLU,955.0,T,Turn
978,ILE,834.0,T,Turn,ILE,945.0,T,Turn,ILE,956.0,T,Turn
979,ASN,835.0,T,Turn,ASN,946.0,T,Turn,ASN,957.0,T,Turn
980,ASN,836.0,H,AlphaHelix,ASN,947.0,H,AlphaHelix,ASN,958.0,H,AlphaHelix
981,TYR,837.0,H,AlphaHelix,TYR,948.0,H,AlphaHelix,TYR,959.0,H,AlphaHelix
982,HIS,838.0,H,AlphaHelix,HIS,949.0,H,AlphaHelix,HIS,960.0,H,AlphaHelix
983,HIS,839.0,H,AlphaHelix,HIS,950.0,H,AlphaHelix,HIS,961.0,H,AlphaHelix
984,ALA,840.0,H,AlphaHelix,ALA,951.0,H,AlphaHelix,ALA,962.0,H,AlphaHelix
985,HIS,841.0,H,AlphaHelix,HIS,952.0,H,AlphaHelix,HIS,963.0,H,AlphaHelix
986,ASP,842.0,H,AlphaHelix,ASP,953.0,H,AlphaHelix,ASP,964.0,H,AlphaHelix
987,ALA,843.0,H,AlphaHelix,ALA,954.0,H,AlphaHelix,ALA,965.0,H,AlphaHelix
988,TYR,844.0,H,AlphaHelix,TYR,955.0,H,AlphaHelix,TYR,966.0,H,AlphaHelix
989,LEU,845.0,H,AlphaHelix,LEU,956.0,H,AlphaHelix,LEU,967.0,H,AlphaHelix
990,ASN,846.0,H,AlphaHelix,ASN,957.0,H,AlphaHelix,ASN,968.0,H,AlphaHelix
991,ALA,847.0,H,AlphaHelix,ALA,958.0,H,AlphaHelix,ALA,969.0,H,AlphaHelix
992,VAL,848.0,H,AlphaHelix,VAL,959.0,H,AlphaHelix,VAL,970.0,H,AlphaHelix
993,VAL,849.0,H,AlphaHelix,VAL,960.0,H,AlphaHelix,VAL,971.0,H,AlphaHelix
994,GLY,850.0,H,AlphaHelix,GLY,961.0,H,AlphaHelix,GLY,972.0,H,AlphaHelix
995,THR,851.0,H,AlphaHelix,THR,962.0,H,AlphaHelix,THR,973.0,H,AlphaHelix
996,ALA,852.0,H,AlphaHelix,ALA,963.0,H,AlphaHelix,ALA,974.0,H,AlphaHelix
997,LEU,853.0,H,AlphaHelix,LEU,964.0,H,AlphaHelix,LEU,975.0,H,AlphaHelix
998,ILE,854.0,H,AlphaHelix,ILE,965.0,H,AlphaHelix,ILE,976.0,H,AlphaHelix
999,LYS,855.0,H,AlphaHelix,LYS,966.0,H,AlphaHelix,LYS,977.0,H,AlphaHelix
1000,LYS,856.0,H,AlphaHelix,LYS,967.0,H,AlphaHelix,LYS,978.0,H,AlphaHelix
1001,TYR,857.0,C,Coil,TYR,968.0,C,Coil,TYR,979.0,C,Coil
1002,PRO,858.0,G,310Helix,PRO,969.0,C,Coil,PRO,980.0,G,310Helix
1003,LYS,859.0,G,310Helix,LYS,970.0,C,Coil,LYS,981.0,G,310Helix
1004,LEU,860.0,G,310Helix,LEU,971.0,T,Turn,LEU,982.0,G,310Helix
1005,GLU,861.0,G,310Helix,GLU,972.0,T,Turn,GLU,983.0,H,AlphaHelix
1006,SER,862.0,G,310Helix,SER,973.0,T,Turn,SER,984.0,H,AlphaHelix
1007,GLU,863.0,G,310Helix,GLU,974.0,E,Strand,GLU,985.0,H,AlphaHelix
1008,PHE,864.0,C,Coil,PHE,975.0,E,Strand,PHE,986.0,H,AlphaHelix
1009,VAL,865.0,B,Bridge,VAL,976.0,T,Turn,VAL,987.0,B,Bridge
1010,TYR,866.0,C,Coil,TYR,977.0,T,Turn,TYR,988.0,C,Coil
1011,GLY,867.0,C,Coil,GLY,978.0,T,Turn,GLY,989.0,C,Coil
1012,ASP,868.0,C,Coil,ASP,979.0,T,Turn,ASP,990.0,C,Coil
1013,TYR,869.0,C,Coil,TYR,980.0,T,Turn,,,,
1014,LYS,870.0,C,Coil,LYS,981.0,C,Coil,,,,
1015,VAL,871.0,C,Coil,VAL,982.0,C,Coil,,,,
1016,TYR,872.0,C,Coil,TYR,983.0,C,Coil,,,,
1017,ASP,873.0,C,Coil,,,,,,,,
1018,VAL,874.0,G,310Helix,,,,,,,,
1019,ARG,875.0,G,310Helix,,,,,,,,
1020,LYS,876.0,G,310Helix,,,,,,,,
1021,MET,877.0,T,Turn,,,,,,,,
1022,ILE,878.0,B,Bridge,,,,,,,,
1023,ALA,879.0,T,Turn,,,,,,,,
1024,LYS,880.0,T,Turn,,,,,,,,
1025,SER,881.0,T,Turn,,,,,,,,
1026,GLU,882.0,T,Turn,,,,,,,,
1027,GLN,883.0,T,Turn,,,,,,,,
1029,,,,,ILE,984.0,C,Coil,,,,
1030,,,,,GLY,985.0,C,Coil,GLY,991.0,H,AlphaHelix
1031,,,,,LYS,986.0,H,AlphaHelix,LYS,992.0,H,AlphaHelix
1032,,,,,ALA,987.0,H,AlphaHelix,ALA,993.0,H,AlphaHelix
1033,,,,,THR,988.0,H,AlphaHelix,THR,994.0,H,AlphaHelix
1034,,,,,ALA,989.0,H,AlphaHelix,ALA,995.0,H,AlphaHelix
1035,,,,,LYS,990.0,H,AlphaHelix,LYS,996.0,H,AlphaHelix
1036,TYR,884.0,C,Coil,TYR,991.0,H,AlphaHelix,TYR,997.0,H,AlphaHelix
1037,PHE,885.0,B,Bridge,PHE,992.0,H,AlphaHelix,PHE,998.0,H,AlphaHelix
1038,PHE,886.0,T,Turn,PHE,993.0,H,AlphaHelix,PHE,999.0,H,AlphaHelix
1039,TYR,887.0,T,Turn,TYR,994.0,H,AlphaHelix,TYR,1000.0,H,AlphaHelix
1040,SER,888.0,T,Turn,SER,995.0,C,Coil,SER,1001.0,H,AlphaHelix
1041,ASN,889.0,T,Turn,ASN,996.0,H,AlphaHelix,ASN,1002.0,T,Turn
1042,ILE,890.0,T,Turn,ILE,997.0,H,AlphaHelix,ILE,1003.0,T,Turn
1043,MET,891.0,T,Turn,MET,998.0,H,AlphaHelix,MET,1004.0,T,Turn
1044,ASN,892.0,G,310Helix,ASN,999.0,H,AlphaHelix,ASN,1005.0,T,Turn
1045,PHE,893.0,G,310Helix,PHE,1000.0,H,AlphaHelix,PHE,1006.0,T,Turn
1046,PHE,894.0,G,310Helix,PHE,1001.0,C,Coil,PHE,1007.0,T,Turn
1047,LYS,895.0,T,Turn,LYS,1002.0,C,Coil,LYS,1008.0,T,Turn
1048,THR,896.0,T,Turn,THR,1003.0,C,Coil,THR,1009.0,T,Turn
1049,GLU,897.0,E,Strand,,,,,GLU,1010.0,T,Turn
1050,ILE,898.0,E,Strand,,,,,ILE,1011.0,T,Turn
1051,THR,899.0,E,Strand,,,,,,,,
1052,LEU,900.0,T,Turn,,,,,,,,
1053,ALA,901.0,T,Turn,,,,,,,,
1054,ASN,902.0,T,Turn,,,,,,,,
1055,GLY,903.0,T,Turn,,,,,,,,
1056,GLU,904.0,C,Coil,,,,,,,,
1057,ILE,905.0,E,Strand,,,,,,,,
1058,ARG,906.0,E,Strand,,,,,,,,
1059,LYS,907.0,E,Strand,,,,,LYS,1012.0,T,Turn
1060,ARG,908.0,C,Coil,,,,,ARG,1013.0,T,Turn
1061,PRO,909.0,T,Turn,,,,,PRO,1014.0,T,Turn
1062,LEU,910.0,T,Turn,,,,,LEU,1015.0,T,Turn
1063,ILE,911.0,E,Strand,ILE,1004.0,C,Coil,ILE,1016.0,E,Strand
1064,GLU,912.0,E,Strand,GLU,1005.0,E,Strand,GLU,1017.0,E,Strand
1065,THR,913.0,E,Strand,THR,1006.0,E,Strand,THR,1018.0,E,Strand
1066,ASN,914.0,T,Turn,ASN,1007.0,E,Strand,ASN,1019.0,T,Turn
1067,GLY,915.0,T,Turn,GLY,1008.0,T,Turn,GLY,1020.0,T,Turn
1068,GLU,916.0,T,Turn,GLU,1009.0,T,Turn,GLU,1021.0,T,Turn
1069,THR,917.0,T,Turn,THR,1010.0,T,Turn,THR,1022.0,T,Turn
1070,GLY,918.0,T,Turn,GLY,1011.0,T,Turn,GLY,1023.0,T,Turn
1071,GLU,919.0,C,Coil,GLU,1012.0,T,Turn,GLU,1024.0,C,Coil
1072,ILE,920.0,E,Strand,ILE,1013.0,E,Strand,ILE,1025.0,E,Strand
1073,VAL,921.0,E,Strand,VAL,1014.0,E,Strand,VAL,1026.0,E,Strand
1074,TRP,922.0,E,Strand,TRP,1015.0,E,Strand,TRP,1027.0,E,Strand
1075,ASP,923.0,E,Strand,ASP,1016.0,E,Strand,ASP,1028.0,E,Strand
1076,LYS,924.0,H,AlphaHelix,LYS,1017.0,T,Turn,LYS,1029.0,T,Turn
1077,GLY,925.0,H,AlphaHelix,GLY,1018.0,T,Turn,GLY,1030.0,T,Turn
1078,ARG,926.0,H,AlphaHelix,ARG,1019.0,H,AlphaHelix,ARG,1031.0,T,Turn
1079,ASP,927.0,H,AlphaHelix,ASP,1020.0,H,AlphaHelix,ASP,1032.0,H,AlphaHelix
1080,PHE,928.0,H,AlphaHelix,PHE,1021.0,H,AlphaHelix,PHE,1033.0,H,AlphaHelix
1081,ALA,929.0,H,AlphaHelix,ALA,1022.0,H,AlphaHelix,ALA,1034.0,H,AlphaHelix
1082,THR,930.0,H,AlphaHelix,THR,1023.0,H,AlphaHelix,THR,1035.0,H,AlphaHelix
1083,VAL,931.0,H,AlphaHelix,VAL,1024.0,H,AlphaHelix,VAL,1036.0,H,AlphaHelix
1084,ARG,932.0,H,AlphaHelix,ARG,1025.0,H,AlphaHelix,ARG,1037.0,H,AlphaHelix
1085,LYS,933.0,H,AlphaHelix,LYS,1026.0,H,AlphaHelix,LYS,1038.0,H,AlphaHelix
1086,VAL,934.0,H,AlphaHelix,VAL,1027.0,H,AlphaHelix,VAL,1039.0,H,AlphaHelix
1087,LEU,935.0,H,AlphaHelix,LEU,1028.0,H,AlphaHelix,LEU,1040.0,H,AlphaHelix
1088,SER,936.0,H,AlphaHelix,SER,1029.0,C,Coil,SER,1041.0,H,AlphaHelix
1089,MET,937.0,C,Coil,MET,1030.0,C,Coil,MET,1042.0,C,Coil
1090,PRO,938.0,C,Coil,PRO,1031.0,C,Coil,PRO,1043.0,C,Coil
1091,GLN,939.0,C,Coil,GLN,1032.0,C,Coil,GLN,1044.0,C,Coil
1092,VAL,940.0,C,Coil,VAL,1033.0,C,Coil,VAL,1045.0,T,Turn
1093,ASN,941.0,E,Strand,ASN,1034.0,E,Strand,ASN,1046.0,E,Strand
1094,ILE,942.0,E,Strand,ILE,1035.0,E,Strand,ILE,1047.0,E,Strand
1095,VAL,943.0,E,Strand,VAL,1036.0,E,Strand,VAL,1048.0,E,Strand
1096,LYS,944.0,E,Strand,LYS,1037.0,E,Strand,LYS,1049.0,E,Strand
1097,LYS,945.0,C,Coil,LYS,1038.0,C,Coil,LYS,1050.0,C,Coil
1098,THR,946.0,C,Coil,THR,1039.0,C,Coil,THR,1051.0,C,Coil
1099,GLU,947.0,B,Bridge,GLU,1040.0,B,Bridge,GLU,1052.0,B,Bridge
1100,VAL,948.0,C,Coil,VAL,1041.0,C,Coil,VAL,1053.0,C,Coil
1101,GLN,949.0,C,Coil,GLN,1042.0,C,Coil,GLN,1054.0,C,Coil
1102,THR,950.0,C,Coil,THR,1043.0,C,Coil,THR,1055.0,C,Coil
1103,,,,,GLY,1044.0,C,Coil,GLY,1056.0,C,Coil
1104,,,,,GLY,1045.0,C,Coil,GLY,1057.0,C,Coil
1105,,,,,PHE,1046.0,C,Coil,PHE,1058.0,C,Coil
1106,,,,,SER,1047.0,B,Bridge,SER,1059.0,E,Strand
1107,,,,,LYS,1048.0,C,Coil,LYS,1060.0,E,Strand
1108,,,,,GLU,1049.0,C,Coil,GLU,1061.0,C,Coil
1109,,,,,SER,1050.0,C,Coil,SER,1062.0,C,Coil
1110,,,,,ILE,1051.0,C,Coil,ILE,1063.0,C,Coil
1111,,,,,LEU,1052.0,B,Bridge,LEU,1064.0,B,Bridge
1112,,,,,PRO,1053.0,b,Bridge,PRO,1065.0,C,Coil
1113,,,,,LYS,1054.0,C,Coil,LYS,1066.0,C,Coil
1114,,,,,ARG,1055.0,C,Coil,ARG,1067.0,C,Coil
1115,,,,,ASN,1056.0,C,Coil,ASN,1068.0,C,Coil
1116,,,,,SER,1057.0,T,Turn,SER,1069.0,T,Turn
1117,,,,,ASP,1058.0,T,Turn,ASP,1070.0,T,Turn
1118,,,,,LYS,1059.0,T,Turn,LYS,1071.0,T,Turn
1119,,,,,LEU,1060.0,T,Turn,LEU,1072.0,T,Turn
1120,,,,,ILE,1061.0,E,Strand,ILE,1073.0,B,Bridge
1121,,,,,ALA,1062.0,E,Strand,ALA,1074.0,T,Turn
1122,,,,,ARG,1063.0,T,Turn,ARG,1075.0,T,Turn
1123,,,,,LYS,1064.0,B,Bridge,LYS,1076.0,B,Bridge
1124,,,,,LYS,1065.0,T,Turn,LYS,1077.0,T,Turn
1125,,,,,ASP,1066.0,T,Turn,ASP,1078.0,T,Turn
1126,,,,,TRP,1067.0,B,Bridge,TRP,1079.0,B,Bridge
1127,,,,,ASP,1068.0,C,Coil,ASP,1080.0,T,Turn
1128,,,,,PRO,1069.0,G,310Helix,PRO,1081.0,T,Turn
1129,,,,,LYS,1070.0,G,310Helix,LYS,1082.0,T,Turn
1130,,,,,LYS,1071.0,G,310Helix,LYS,1083.0,T,Turn
1131,,,,,TYR,1072.0,C,Coil,TYR,1084.0,T,Turn
1132,,,,,GLY,1073.0,C,Coil,GLY,1085.0,T,Turn
1133,,,,,GLY,1074.0,E,Strand,GLY,1086.0,B,Bridge
1134,,,,,PHE,1075.0,E,Strand,PHE,1087.0,B,Bridge
1135,,,,,ASP,1076.0,C,Coil,ASP,1088.0,E,Strand
1136,,,,,SER,1077.0,C,Coil,SER,1089.0,E,Strand
1137,PRO,951.0,C,Coil,PRO,1078.0,B,Bridge,PRO,1090.0,E,Strand
1138,THR,952.0,C,Coil,THR,1079.0,C,Coil,THR,1091.0,C,Coil
1139,VAL,953.0,E,Strand,VAL,1080.0,E,Strand,VAL,1092.0,E,Strand
1140,ALA,954.0,E,Strand,ALA,1081.0,E,Strand,ALA,1093.0,E,Strand
1141,TYR,955.0,E,Strand,TYR,1082.0,E,Strand,TYR,1094.0,E,Strand
1142,SER,956.0,E,Strand,SER,1083.0,E,Strand,SER,1095.0,E,Strand
1143,VAL,957.0,E,Strand,VAL,1084.0,E,Strand,VAL,1096.0,E,Strand
1144,LEU,958.0,E,Strand,LEU,1085.0,E,Strand,LEU,1097.0,E,Strand
1145,VAL,959.0,E,Strand,VAL,1086.0,E,Strand,VAL,1098.0,E,Strand
1146,VAL,960.0,T,Turn,VAL,1087.0,E,Strand,VAL,1099.0,E,Strand
1147,,,,,ALA,1088.0,E,Strand,ALA,1100.0,E,Strand
1148,,,,,LYS,1089.0,E,Strand,LYS,1101.0,E,Strand
1149,,,,,VAL,1090.0,E,Strand,VAL,1102.0,E,Strand
1150,,,,,GLU,1091.0,E,Strand,GLU,1103.0,E,Strand
1151,,,,,LYS,1092.0,E,Strand,LYS,1104.0,E,Strand
1152,,,,,GLY,1093.0,T,Turn,GLY,1105.0,T,Turn
1153,,,,,LYS,1094.0,T,Turn,LYS,1106.0,T,Turn
1154,,,,,SER,1095.0,T,Turn,SER,1107.0,T,Turn
1155,,,,,LYS,1096.0,T,Turn,LYS,1108.0,T,Turn
1156,,,,,LYS,1097.0,E,Strand,LYS,1109.0,E,Strand
1157,,,,,LEU,1098.0,E,Strand,LEU,1110.0,E,Strand
1158,,,,,LYS,1099.0,E,Strand,LYS,1111.0,E,Strand
1159,SER,961.0,T,Turn,SER,1100.0,E,Strand,SER,1112.0,E,Strand
1160,VAL,962.0,T,Turn,VAL,1101.0,E,Strand,VAL,1113.0,E,Strand
1161,LYS,963.0,T,Turn,LYS,1102.0,E,Strand,LYS,1114.0,E,Strand
1162,GLU,964.0,E,Strand,GLU,1103.0,E,Strand,GLU,1115.0,E,Strand
1163,LEU,965.0,E,Strand,LEU,1104.0,E,Strand,LEU,1116.0,E,Strand
1164,LEU,966.0,E,Strand,LEU,1105.0,E,Strand,LEU,1117.0,E,Strand
1165,GLY,967.0,E,Strand,GLY,1106.0,E,Strand,GLY,1118.0,E,Strand
1166,ILE,968.0,E,Strand,ILE,1107.0,E,Strand,ILE,1119.0,E,Strand
1167,THR,969.0,E,Strand,THR,1108.0,E,Strand,THR,1120.0,E,Strand
1168,ILE,970.0,H,AlphaHelix,ILE,1109.0,G,310Helix,ILE,1121.0,G,310Helix
1169,MET,971.0,H,AlphaHelix,MET,1110.0,G,310Helix,MET,1122.0,G,310Helix
1170,GLU,972.0,H,AlphaHelix,GLU,1111.0,G,310Helix,GLU,1123.0,G,310Helix
1171,ARG,973.0,H,AlphaHelix,ARG,1112.0,H,AlphaHelix,ARG,1124.0,H,AlphaHelix
1172,SER,974.0,H,AlphaHelix,SER,1113.0,H,AlphaHelix,SER,1125.0,H,AlphaHelix
1173,SER,975.0,H,AlphaHelix,SER,1114.0,H,AlphaHelix,SER,1126.0,H,AlphaHelix
1174,PHE,976.0,H,AlphaHelix,PHE,1115.0,H,AlphaHelix,PHE,1127.0,H,AlphaHelix
1175,GLU,977.0,H,AlphaHelix,GLU,1116.0,H,AlphaHelix,GLU,1128.0,H,AlphaHelix
1176,LYS,978.0,H,AlphaHelix,LYS,1117.0,H,AlphaHelix,LYS,1129.0,H,AlphaHelix
1177,ASN,979.0,C,Coil,ASN,1118.0,C,Coil,ASN,1130.0,C,Coil
1178,PRO,980.0,H,AlphaHelix,PRO,1119.0,H,AlphaHelix,PRO,1131.0,H,AlphaHelix
1179,ILE,981.0,H,AlphaHelix,ILE,1120.0,H,AlphaHelix,ILE,1132.0,H,AlphaHelix
1180,ASP,982.0,H,AlphaHelix,ASP,1121.0,H,AlphaHelix,ASP,1133.0,H,AlphaHelix
1181,PHE,983.0,H,AlphaHelix,PHE,1122.0,H,AlphaHelix,PHE,1134.0,H,AlphaHelix
1182,LEU,984.0,H,AlphaHelix,LEU,1123.0,H,AlphaHelix,LEU,1135.0,H,AlphaHelix
1183,GLU,985.0,H,AlphaHelix,GLU,1124.0,H,AlphaHelix,GLU,1136.0,H,AlphaHelix
1184,ALA,986.0,H,AlphaHelix,ALA,1125.0,H,AlphaHelix,ALA,1137.0,H,AlphaHelix
1185,LYS,987.0,H,AlphaHelix,LYS,1126.0,C,Coil,LYS,1138.0,H,AlphaHelix
1186,GLY,988.0,C,Coil,GLY,1127.0,C,Coil,GLY,1139.0,C,Coil
1187,,,,,TYR,1128.0,E,Strand,TYR,1140.0,E,Strand
1188,,,,,LYS,1129.0,E,Strand,LYS,1141.0,E,Strand
1189,,,,,GLU,1130.0,T,Turn,GLU,1142.0,T,Turn
1190,,,,,VAL,1131.0,T,Turn,VAL,1143.0,T,Turn
1191,,,,,LYS,1132.0,C,Coil,LYS,1144.0,C,Coil
1192,LYS,989.0,C,Coil,LYS,1133.0,G,310Helix,LYS,1145.0,G,310Helix
1193,ASP,990.0,C,Coil,ASP,1134.0,G,310Helix,ASP,1146.0,G,310Helix
1194,LEU,991.0,C,Coil,LEU,1135.0,G,310Helix,LEU,1147.0,G,310Helix
1195,ILE,992.0,C,Coil,ILE,1136.0,C,Coil,ILE,1148.0,C,Coil
1196,ILE,993.0,C,Coil,ILE,1137.0,E,Strand,ILE,1149.0,E,Strand
1197,LYS,994.0,E,Strand,LYS,1138.0,E,Strand,LYS,1150.0,E,Strand
1198,LEU,995.0,E,Strand,LEU,1139.0,E,Strand,LEU,1151.0,E,Strand
1199,PRO,996.0,T,Turn,PRO,1140.0,T,Turn,PRO,1152.0,T,Turn
1200,LYS,997.0,B,Bridge,LYS,1141.0,B,Bridge,LYS,1153.0,B,Bridge
1201,TYR,998.0,T,Turn,TYR,1142.0,T,Turn,TYR,1154.0,T,Turn
1202,SER,999.0,E,Strand,SER,1143.0,E,Strand,SER,1155.0,E,Strand
1203,LEU,1000.0,E,Strand,LEU,1144.0,E,Strand,LEU,1156.0,E,Strand
1204,PHE,1001.0,E,Strand,PHE,1145.0,E,Strand,PHE,1157.0,E,Strand
1205,GLU,1002.0,E,Strand,GLU,1146.0,E,Strand,GLU,1158.0,E,Strand
1206,LEU,1003.0,E,Strand,LEU,1147.0,T,Turn,LEU,1159.0,T,Turn
1207,GLU,1004.0,T,Turn,GLU,1148.0,T,Turn,GLU,1160.0,T,Turn
1208,ASN,1005.0,T,Turn,ASN,1149.0,T,Turn,ASN,1161.0,T,Turn
1209,GLY,1006.0,T,Turn,GLY,1150.0,T,Turn,GLY,1162.0,T,Turn
1210,ARG,1007.0,E,Strand,ARG,1151.0,T,Turn,ARG,1163.0,T,Turn
1211,LYS,1008.0,E,Strand,LYS,1152.0,E,Strand,LYS,1164.0,E,Strand
1212,ARG,1009.0,E,Strand,ARG,1153.0,E,Strand,ARG,1165.0,E,Strand
1213,MET,1010.0,E,Strand,MET,1154.0,E,Strand,MET,1166.0,E,Strand
1214,LEU,1011.0,E,Strand,LEU,1155.0,E,Strand,LEU,1167.0,E,Strand
1215,ALA,1012.0,E,Strand,ALA,1156.0,E,Strand,ALA,1168.0,C,Coil
1216,SER,1013.0,E,Strand,SER,1157.0,E,Strand,SER,1169.0,T,Turn
1217,ALA,1014.0,T,Turn,ALA,1158.0,T,Turn,ALA,1170.0,T,Turn
1218,GLY,1015.0,T,Turn,GLY,1159.0,T,Turn,GLY,1171.0,T,Turn
1219,GLU,1016.0,E,Strand,GLU,1160.0,E,Strand,GLU,1172.0,T,Turn
1220,LEU,1017.0,E,Strand,LEU,1161.0,E,Strand,LEU,1173.0,E,Strand
1221,GLN,1018.0,E,Strand,GLN,1162.0,E,Strand,GLN,1174.0,E,Strand
1222,LYS,1019.0,E,Strand,LYS,1163.0,E,Strand,LYS,1175.0,E,Strand
1223,GLY,1020.0,C,Coil,GLY,1164.0,C,Coil,GLY,1176.0,C,Coil
1224,ASN,1021.0,C,Coil,ASN,1165.0,C,Coil,ASN,1177.0,C,Coil
1225,GLU,1022.0,C,Coil,GLU,1166.0,C,Coil,GLU,1178.0,C,Coil
1226,LEU,1023.0,C,Coil,LEU,1167.0,C,Coil,LEU,1179.0,C,Coil
1227,ALA,1024.0,C,Coil,ALA,1168.0,C,Coil,ALA,1180.0,C,Coil
1228,LEU,1025.0,C,Coil,LEU,1169.0,C,Coil,LEU,1181.0,C,Coil
1229,PRO,1026.0,C,Coil,PRO,1170.0,C,Coil,PRO,1182.0,C,Coil
1230,SER,1027.0,H,AlphaHelix,SER,1171.0,H,AlphaHelix,SER,1183.0,H,AlphaHelix
1231,LYS,1028.0,H,AlphaHelix,LYS,1172.0,H,AlphaHelix,LYS,1184.0,H,AlphaHelix
1232,TYR,1029.0,H,AlphaHelix,TYR,1173.0,H,AlphaHelix,TYR,1185.0,H,AlphaHelix
1233,VAL,1030.0,H,AlphaHelix,VAL,1174.0,H,AlphaHelix,VAL,1186.0,H,AlphaHelix
1234,ASN,1031.0,H,AlphaHelix,ASN,1175.0,H,AlphaHelix,ASN,1187.0,H,AlphaHelix
1235,PHE,1032.0,H,AlphaHelix,PHE,1176.0,H,AlphaHelix,PHE,1188.0,H,AlphaHelix
1236,LEU,1033.0,H,AlphaHelix,LEU,1177.0,H,AlphaHelix,LEU,1189.0,H,AlphaHelix
1237,TYR,1034.0,H,AlphaHelix,TYR,1178.0,H,AlphaHelix,TYR,1190.0,H,AlphaHelix
1238,LEU,1035.0,H,AlphaHelix,LEU,1179.0,H,AlphaHelix,LEU,1191.0,H,AlphaHelix
1239,ALA,1036.0,H,AlphaHelix,ALA,1180.0,H,AlphaHelix,ALA,1192.0,H,AlphaHelix
1240,SER,1037.0,H,AlphaHelix,SER,1181.0,H,AlphaHelix,SER,1193.0,H,AlphaHelix
1241,HIS,1038.0,H,AlphaHelix,HIS,1182.0,H,AlphaHelix,HIS,1194.0,H,AlphaHelix
1242,TYR,1039.0,C,Coil,TYR,1183.0,C,Coil,,,,
1249,,,,,PRO,1184.0,C,Coil,,,,
1250,,,,,GLU,1185.0,H,AlphaHelix,,,,
1251,,,,,ASP,1186.0,H,AlphaHelix,,,,
1252,,,,,ASN,1187.0,H,AlphaHelix,,,,
1253,,,,,GLU,1188.0,H,AlphaHelix,GLU,1195.0,H,AlphaHelix
1254,,,,,GLN,1189.0,H,AlphaHelix,GLN,1196.0,H,AlphaHelix
1255,,,,,LYS,1190.0,H,AlphaHelix,LYS,1197.0,H,AlphaHelix
1256,,,,,GLN,1191.0,H,AlphaHelix,GLN,1198.0,H,AlphaHelix
1257,,,,,LEU,1192.0,H,AlphaHelix,LEU,1199.0,H,AlphaHelix
1258,,,,,PHE,1193.0,H,AlphaHelix,PHE,1200.0,H,AlphaHelix
1259,VAL,1040.0,T,Turn,VAL,1194.0,H,AlphaHelix,VAL,1201.0,H,AlphaHelix
1260,GLU,1041.0,T,Turn,GLU,1195.0,H,AlphaHelix,GLU,1202.0,H,AlphaHelix
1261,GLN,1042.0,T,Turn,GLN,1196.0,H,AlphaHelix,GLN,1203.0,H,AlphaHelix
1262,HIS,1043.0,T,Turn,HIS,1197.0,H,AlphaHelix,HIS,1204.0,H,AlphaHelix
1263,LYS,1044.0,H,AlphaHelix,LYS,1198.0,C,Coil,LYS,1205.0,H,AlphaHelix
1264,HIS,1045.0,H,AlphaHelix,HIS,1199.0,C,Coil,HIS,1206.0,H,AlphaHelix
1265,TYR,1046.0,H,AlphaHelix,TYR,1200.0,H,AlphaHelix,TYR,1207.0,H,AlphaHelix
1266,LEU,1047.0,H,AlphaHelix,LEU,1201.0,H,AlphaHelix,LEU,1208.0,H,AlphaHelix
1267,ASP,1048.0,H,AlphaHelix,ASP,1202.0,H,AlphaHelix,ASP,1209.0,H,AlphaHelix
1268,GLU,1049.0,H,AlphaHelix,GLU,1203.0,H,AlphaHelix,GLU,1210.0,H,AlphaHelix
1269,ILE,1050.0,H,AlphaHelix,ILE,1204.0,H,AlphaHelix,ILE,1211.0,H,AlphaHelix
1270,ILE,1051.0,H,AlphaHelix,ILE,1205.0,H,AlphaHelix,ILE,1212.0,H,AlphaHelix
1271,GLU,1052.0,H,AlphaHelix,GLU,1206.0,H,AlphaHelix,GLU,1213.0,H,AlphaHelix
1272,GLN,1053.0,H,AlphaHelix,GLN,1207.0,H,AlphaHelix,GLN,1214.0,H,AlphaHelix
1273,ILE,1054.0,H,AlphaHelix,ILE,1208.0,H,AlphaHelix,ILE,1215.0,H,AlphaHelix
1274,SER,1055.0,H,AlphaHelix,SER,1209.0,H,AlphaHelix,SER,1216.0,H,AlphaHelix
1275,GLU,1056.0,H,AlphaHelix,GLU,1210.0,H,AlphaHelix,GLU,1217.0,H,AlphaHelix
1276,PHE,1057.0,H,AlphaHelix,PHE,1211.0,H,AlphaHelix,PHE,1218.0,H,AlphaHelix
1277,SER,1058.0,H,AlphaHelix,SER,1212.0,H,AlphaHelix,SER,1219.0,H,AlphaHelix
1278,LYS,1059.0,H,AlphaHelix,LYS,1213.0,H,AlphaHelix,LYS,1220.0,H,AlphaHelix
1279,ARG,1060.0,H,AlphaHelix,ARG,1214.0,H,AlphaHelix,ARG,1221.0,H,AlphaHelix
1280,VAL,1061.0,H,AlphaHelix,VAL,1215.0,H,AlphaHelix,VAL,1222.0,H,AlphaHelix
1281,ILE,1062.0,H,AlphaHelix,ILE,1216.0,C,Coil,ILE,1223.0,H,AlphaHelix
1282,LEU,1063.0,C,Coil,LEU,1217.0,C,Coil,LEU,1224.0,C,Coil
1283,ALA,1064.0,C,Coil,ALA,1218.0,C,Coil,ALA,1225.0,C,Coil
1284,ASP,1065.0,H,AlphaHelix,ASP,1219.0,H,AlphaHelix,ASP,1226.0,H,AlphaHelix
1285,ALA,1066.0,H,AlphaHelix,ALA,1220.0,H,AlphaHelix,ALA,1227.0,H,AlphaHelix
1286,ASN,1067.0,H,AlphaHelix,ASN,1221.0,H,AlphaHelix,ASN,1228.0,H,AlphaHelix
1287,LEU,1068.0,H,AlphaHelix,LEU,1222.0,H,AlphaHelix,LEU,1229.0,H,AlphaHelix
1288,ASP,1069.0,H,AlphaHelix,ASP,1223.0,H,AlphaHelix,ASP,1230.0,H,AlphaHelix
1289,LYS,1070.0,H,AlphaHelix,LYS,1224.0,H,AlphaHelix,LYS,1231.0,H,AlphaHelix
1290,VAL,1071.0,H,AlphaHelix,VAL,1225.0,H,AlphaHelix,VAL,1232.0,H,AlphaHelix
1291,LEU,1072.0,H,AlphaHelix,LEU,1226.0,H,AlphaHelix,LEU,1233.0,H,AlphaHelix
1292,SER,1073.0,H,AlphaHelix,SER,1227.0,H,AlphaHelix,SER,1234.0,H,AlphaHelix
1293,ALA,1074.0,H,AlphaHelix,ALA,1228.0,H,AlphaHelix,ALA,1235.0,H,AlphaHelix
1294,TYR,1075.0,H,AlphaHelix,TYR,1229.0,H,AlphaHelix,TYR,1236.0,H,AlphaHelix
1295,ASN,1076.0,H,AlphaHelix,ASN,1230.0,H,AlphaHelix,ASN,1237.0,H,AlphaHelix
1296,LYS,1077.0,H,AlphaHelix,LYS,1231.0,H,AlphaHelix,LYS,1238.0,H,AlphaHelix
1297,HIS,1078.0,H,AlphaHelix,HIS,1232.0,T,Turn,HIS,1239.0,H,AlphaHelix
1298,ARG,1079.0,T,Turn,ARG,1233.0,T,Turn,ARG,1240.0,T,Turn
1299,ASP,1080.0,T,Turn,ASP,1234.0,T,Turn,ASP,1241.0,T,Turn
1300,LYS,1081.0,T,Turn,LYS,1235.0,T,Turn,LYS,1242.0,T,Turn
1301,PRO,1082.0,C,Coil,PRO,1236.0,C,Coil,PRO,1243.0,C,Coil
1302,ILE,1083.0,H,AlphaHelix,ILE,1237.0,H,AlphaHelix,ILE,1244.0,H,AlphaHelix
1303,ARG,1084.0,H,AlphaHelix,ARG,1238.0,H,AlphaHelix,ARG,1245.0,H,AlphaHelix
1304,GLU,1085.0,H,AlphaHelix,GLU,1239.0,H,AlphaHelix,GLU,1246.0,H,AlphaHelix
1305,GLN,1086.0,H,AlphaHelix,GLN,1240.0,H,AlphaHelix,GLN,1247.0,H,AlphaHelix
1306,ALA,1087.0,H,AlphaHelix,ALA,1241.0,H,AlphaHelix,ALA,1248.0,H,AlphaHelix
1307,GLU,1088.0,H,AlphaHelix,GLU,1242.0,H,AlphaHelix,GLU,1249.0,H,AlphaHelix
1308,ASN,1089.0,H,AlphaHelix,ASN,1243.0,H,AlphaHelix,ASN,1250.0,H,AlphaHelix
1309,ILE,1090.0,H,AlphaHelix,ILE,1244.0,H,AlphaHelix,ILE,1251.0,H,AlphaHelix
1310,ILE,1091.0,H,AlphaHelix,ILE,1245.0,H,AlphaHelix,ILE,1252.0,H,AlphaHelix
1311,HIS,1092.0,H,AlphaHelix,HIS,1246.0,H,AlphaHelix,HIS,1253.0,H,AlphaHelix
1312,LEU,1093.0,G,310Helix,LEU,1247.0,G,310Helix,LEU,1254.0,H,AlphaHelix
1313,PHE,1094.0,G,310Helix,PHE,1248.0,G,310Helix,PHE,1255.0,G,310Helix
1314,THR,1095.0,G,310Helix,THR,1249.0,G,310Helix,THR,1256.0,G,310Helix
1315,LEU,1096.0,G,310Helix,LEU,1250.0,G,310Helix,LEU,1257.0,G,310Helix
1316,THR,1097.0,C,Coil,THR,1251.0,C,Coil,THR,1258.0,C,Coil
1317,ASN,1098.0,C,Coil,ASN,1252.0,C,Coil,ASN,1259.0,C,Coil
1318,LEU,1099.0,C,Coil,LEU,1253.0,C,Coil,LEU,1260.0,C,Coil
1319,GLY,1100.0,B,Bridge,GLY,1254.0,B,Bridge,GLY,1261.0,B,Bridge
1320,ALA,1101.0,C,Coil,ALA,1255.0,C,Coil,ALA,1262.0,C,Coil
1321,PRO,1102.0,C,Coil,PRO,1256.0,C,Coil,PRO,1263.0,C,Coil
1322,ALA,1103.0,C,Coil,ALA,1257.0,C,Coil,ALA,1264.0,C,Coil
1323,ALA,1104.0,C,Coil,ALA,1258.0,C,Coil,ALA,1265.0,C,Coil
1324,PHE,1105.0,E,Strand,PHE,1259.0,E,Strand,PHE,1266.0,E,Strand
1325,LYS,1106.0,E,Strand,LYS,1260.0,E,Strand,LYS,1267.0,E,Strand
1326,TYR,1107.0,E,Strand,TYR,1261.0,E,Strand,TYR,1268.0,T,Turn
1327,PHE,1108.0,T,Turn,PHE,1262.0,T,Turn,PHE,1269.0,T,Turn
1328,ASP,1109.0,T,Turn,ASP,1263.0,T,Turn,ASP,1270.0,T,Turn
1329,THR,1110.0,E,Strand,THR,1264.0,E,Strand,THR,1271.0,T,Turn
1330,THR,1111.0,E,Strand,THR,1265.0,E,Strand,THR,1272.0,E,Strand
1331,ILE,1112.0,E,Strand,ILE,1266.0,E,Strand,ILE,1273.0,E,Strand
1332,ASP,1113.0,C,Coil,ASP,1267.0,C,Coil,ASP,1274.0,C,Coil
1333,ARG,1114.0,C,Coil,ARG,1268.0,C,Coil,ARG,1275.0,C,Coil
1334,LYS,1115.0,C,Coil,LYS,1269.0,C,Coil,LYS,1276.0,C,Coil
1335,ARG,1116.0,C,Coil,ARG,1270.0,C,Coil,ARG,1277.0,C,Coil
1336,TYR,1117.0,B,Bridge,TYR,1271.0,B,Bridge,TYR,1278.0,B,Bridge
1337,THR,1118.0,C,Coil,THR,1272.0,C,Coil,THR,1279.0,C,Coil
1338,SER,1119.0,C,Coil,SER,1273.0,C,Coil,SER,1280.0,C,Coil
1339,THR,1120.0,T,Turn,THR,1274.0,C,Coil,THR,1281.0,C,Coil
1340,LYS,1121.0,T,Turn,LYS,1275.0,G,310Helix,LYS,1282.0,G,310Helix
1341,GLU,1122.0,T,Turn,GLU,1276.0,G,310Helix,GLU,1283.0,G,310Helix
1342,VAL,1123.0,G,310Helix,VAL,1277.0,G,310Helix,VAL,1284.0,G,310Helix
1343,LEU,1124.0,G,310Helix,LEU,1278.0,G,310Helix,LEU,1285.0,G,310Helix
1344,ASP,1125.0,G,310Helix,ASP,1279.0,G,310Helix,ASP,1286.0,G,310Helix
1345,ALA,1126.0,C,Coil,ALA,1280.0,C,Coil,ALA,1287.0,C,Coil
1346,THR,1127.0,E,Strand,THR,1281.0,E,Strand,THR,1288.0,E,Strand
1347,LEU,1128.0,E,Strand,LEU,1282.0,E,Strand,LEU,1289.0,E,Strand
1348,ILE,1129.0,E,Strand,ILE,1283.0,E,Strand,ILE,1290.0,E,Strand
1349,HIS,1130.0,E,Strand,HIS,1284.0,E,Strand,HIS,1291.0,E,Strand
1350,GLN,1131.0,E,Strand,GLN,1285.0,E,Strand,GLN,1292.0,E,Strand
1351,SER,1132.0,T,Turn,SER,1286.0,T,Turn,SER,1293.0,T,Turn
1352,ILE,1133.0,T,Turn,ILE,1287.0,T,Turn,ILE,1294.0,T,Turn
1353,THR,1134.0,T,Turn,THR,1288.0,T,Turn,THR,1295.0,T,Turn
1354,GLY,1135.0,T,Turn,GLY,1289.0,T,Turn,GLY,1296.0,T,Turn
1355,LEU,1136.0,T,Turn,LEU,1290.0,T,Turn,LEU,1297.0,T,Turn
1356,TYR,1137.0,T,Turn,TYR,1291.0,T,Turn,TYR,1298.0,T,Turn
1357,GLU,1138.0,E,Strand,GLU,1292.0,E,Strand,GLU,1299.0,E,Strand
1358,THR,1139.0,E,Strand,THR,1293.0,E,Strand,THR,1300.0,E,Strand
1359,ARG,1140.0,E,Strand,ARG,1294.0,E,Strand,ARG,1301.0,E,Strand
1360,ILE,1141.0,E,Strand,ILE,1295.0,E,Strand,ILE,1302.0,E,Strand
1361,ASP,1142.0,C,Coil,ASP,1296.0,E,Strand,ASP,1303.0,E,Strand
1362,LEU,1143.0,C,Coil,LEU,1297.0,G,310Helix,LEU,1304.0,T,Turn
1363,SER,1144.0,C,Coil,SER,1298.0,G,310Helix,SER,1305.0,T,Turn
1364,,,,,GLN,1299.0,G,310Helix,GLN,1306.0,C,Coil
1365,,,,,LEU,1300.0,C,Coil,,,,
1366,,,,,GLY,1301.0,C,Coil,,,,
